gene,outer_fold_selection_frequency,in_telomere_panel,univariate_frequency,subsample_selection_frequency
DRG2,0.88,False,0.96,1.0
OR4K3,0.92,False,0.36,0.96
OR4K2,0.84,False,0.0,0.89
SLC6A18,0.48,False,0.0,0.79
DEFB119,0.52,False,0.44,0.63
OR2D2,0.08,False,0.0,0.55
OR52E1,0.08,False,0.0,0.52
H2AC17,0.12,False,0.0,0.51
ZDHHC19,0.24,False,0.0,0.48
DEFB124,0.44,False,0.0,0.44
REM1,0.24,False,0.0,0.42
POU1F1,0.2,False,0.0,0.41
TMEM95,0.16,False,0.0,0.37
SULT6B1,0.28,False,0.0,0.35
OR2A12,0.2,False,0.0,0.34
ANO3,0.12,False,0.0,0.34
PADI6,0.12,False,0.0,0.33
CCDC27,0.28,False,0.0,0.32
TAS2R7,0.24,False,0.0,0.32
OR52B6,0.2,False,0.0,0.32
NUTM2A,0.16,False,0.0,0.31
GALP,0.2,False,0.0,0.29
OR10G7,0.2,False,0.0,0.29
SPATA32,0.2,False,0.0,0.28
ETDB,0.16,False,0.0,0.28
H4C5,0.32,False,0.0,0.27
USP17L23,0.16,False,0.0,0.27
ERVV-1,0.2,False,0.0,0.26
BPIFA3,0.36,False,0.0,0.25
SLC36A3,0.24,False,0.0,0.25
H4C9,0.2,False,0.0,0.25
OR1A2,0.16,False,0.0,0.25
IRX6,0.04,False,0.0,0.25
CT55,0.08,False,0.0,0.24
AQP7B,0.04,False,0.0,0.24
OR4A5,0.32,False,0.0,0.23
RAMACL,0.16,False,0.0,0.23
OR6B3,0.16,False,0.0,0.23
PLA2G2C,0.12,False,0.0,0.23
TAS2R39,0.08,False,0.0,0.23
TNFRSF8,0.2,False,0.0,0.22
CCT8L2,0.2,False,0.0,0.22
CT45A2,0.16,False,0.0,0.22
OPN1LW,0.12,False,0.0,0.22
ZNF80,0.08,False,0.0,0.22
GPR142,0.2,False,0.0,0.21
KRTAP9-2,0.04,False,0.0,0.21
NLRP13,0.2,False,0.0,0.2
KRTAP5-11,0.16,False,0.0,0.2
NPPA,0.08,False,0.0,0.19
CIMIP4,0.04,False,0.0,0.19
CNGB3,0.0,False,0.0,0.19
ANKRD62,0.24,False,0.0,0.18
KRTAP5-10,0.24,False,0.0,0.18
DEFB106A,0.16,False,0.0,0.18
GAGE10,0.12,False,0.0,0.18
LDHAL6B,0.16,False,0.0,0.17
ZNF560,0.12,False,0.0,0.17
FAM90A20,0.12,False,0.0,0.17
SPATA45,0.12,False,0.0,0.17
OR4N2,0.12,False,0.04,0.17
OR1R1,0.12,False,0.0,0.17
OR10A6,0.08,False,0.0,0.17
INSL6,0.04,False,0.0,0.17
LRRC9,0.0,False,0.0,0.17
OR52D1,0.16,False,0.0,0.16
MYO18B,0.12,False,0.0,0.16
OR13C7,0.08,False,0.0,0.16
BARHL2,0.08,False,0.0,0.16
H4C12,0.08,False,0.0,0.16
HP,0.08,False,0.0,0.16
TMPRSS7,0.08,False,0.0,0.16
TRIP4,0.08,False,0.0,0.16
SLC38A11,0.04,False,0.0,0.16
CT45A7,0.04,False,0.0,0.16
IL1RAPL2,0.0,False,0.0,0.16
KRTAP15-1,0.2,False,0.0,0.15
FRG2C,0.16,False,0.0,0.15
OR10W1,0.16,False,0.0,0.15
GK3,0.08,False,0.0,0.15
OR1J4,0.08,False,0.0,0.15
SPC25,0.04,False,1.0,0.15
SLC18A3,0.0,False,0.0,0.15
OR1S2,0.24,False,0.0,0.14
CLNK,0.16,False,0.0,0.14
FRG2,0.12,False,0.0,0.14
RHOXF2B,0.08,False,0.0,0.14
OR6B2,0.04,False,0.0,0.14
CT45A8,0.04,False,0.0,0.14
VCX3B,0.04,False,0.0,0.14
KRTAP3-2,0.04,False,0.0,0.14
CATSPER1,0.04,False,0.0,0.14
HSPB9,0.04,False,0.0,0.14
CXorf51B,0.0,False,0.0,0.14
OR5B3,0.12,False,0.0,0.13
OR2J1,0.12,False,0.0,0.13
SLC5A5,0.08,False,0.0,0.13
ZNF474,0.08,False,0.0,0.13
SFT2D3,0.08,False,0.0,0.13
FRMD7,0.2,False,0.0,0.12
ABCB11,0.2,False,0.0,0.12
SERPINA2,0.16,False,0.0,0.12
HTR3A,0.12,False,0.0,0.12
NKX2-3,0.12,False,0.0,0.12
CATSPERZ,0.12,False,0.0,0.12
USP17L10,0.12,False,0.0,0.12
TECTB,0.08,False,0.0,0.12
OR10Z1,0.08,False,0.0,0.12
CDRT15,0.08,False,0.0,0.12
OR4C16,0.08,False,0.0,0.12
CPNE7,0.04,False,0.0,0.12
OR6C4,0.0,False,0.0,0.12
CCDC182,0.16,False,0.0,0.11
SPTSSB,0.12,False,0.0,0.11
VN1R2,0.12,False,0.0,0.11
MFRP,0.08,False,0.0,0.11
AANAT,0.08,False,0.0,0.11
SMIM47,0.08,False,0.0,0.11
CCDC89,0.08,False,0.0,0.11
EPPIN,0.08,False,0.0,0.11
BPIFB6,0.08,False,0.0,0.11
OR9A4,0.04,False,0.0,0.11
OR51M1,0.0,False,0.0,0.11
RNASE11,0.0,False,0.0,0.11
OR56A5,0.0,False,0.0,0.11
ATP4B,0.2,False,0.0,0.1
TP53TG3E,0.16,False,0.0,0.1
OR52M1,0.16,False,0.0,0.1
OR5P3,0.16,False,0.0,0.1
FAM47C,0.08,False,0.0,0.1
OXT,0.08,False,0.0,0.1
KDM4E,0.08,False,0.0,0.1
KCNK18,0.08,False,0.0,0.1
OR10Q1,0.08,False,0.0,0.1
TSSK2,0.04,False,0.0,0.1
TSSK1B,0.04,False,0.0,0.1
KRTAP10-2,0.04,False,0.0,0.1
MYH8,0.0,False,0.0,0.1
CCDC81,0.0,False,0.0,0.1
OR3A2,0.0,False,0.0,0.1
GH1,0.0,False,0.0,0.1
OR4K1,0.24,False,0.0,0.09
H4C7,0.2,False,0.0,0.09
NPS,0.12,False,0.0,0.09
NDST3,0.12,False,0.0,0.09
OR2T34,0.12,False,0.0,0.09
OR2B3,0.12,False,0.0,0.09
RGSL1,0.12,False,0.0,0.09
LCN1,0.12,False,0.0,0.09
NUP210L,0.08,False,0.0,0.09
DEFB129,0.08,False,0.0,0.09
MUSK,0.04,False,0.0,0.09
OR6X1,0.04,False,0.0,0.09
KLRC1,0.04,False,0.0,0.09
OR5F1,0.04,False,0.0,0.09
CLDN34,0.04,False,0.0,0.09
HSD17B6,0.04,False,0.0,0.09
DEFB112,0.04,False,0.0,0.09
ETDA,0.04,False,0.0,0.09
MAGEB5,0.0,False,0.0,0.09
FAM187B,0.0,False,0.0,0.09
LIM2,0.12,False,0.0,0.08
SLCO1B7,0.12,False,0.0,0.08
OR8D1,0.12,False,0.0,0.08
IQCF3,0.12,False,0.0,0.08
KCNH4,0.08,False,0.0,0.08
KRTAP10-1,0.08,False,0.0,0.08
OR8H1,0.08,False,0.0,0.08
TEX46,0.08,False,0.0,0.08
OR5D16,0.08,False,0.0,0.08
HTR6,0.04,False,0.0,0.08
TYW1B,0.04,False,0.0,0.08
FABP6,0.04,False,0.0,0.08
CCDC141,0.04,False,0.0,0.08
IFIT1B,0.04,False,0.0,0.08
C3orf22,0.04,False,0.0,0.08
SLC6A3,0.04,False,0.0,0.08
TNP2,0.04,False,0.0,0.08
HPCA,0.04,False,0.0,0.08
MIP,0.04,False,0.0,0.08
C16orf90,0.0,False,0.0,0.08
IL40,0.0,False,0.0,0.08
OR13F1,0.16,False,0.0,0.07
OR5B17,0.16,False,0.0,0.07
GOLGA8O,0.12,False,0.0,0.07
GPR83,0.12,False,0.0,0.07
OR11H4,0.12,False,0.0,0.07
ALX3,0.08,False,0.0,0.07
MAGEB18,0.08,False,0.0,0.07
USP26,0.08,False,0.0,0.07
OR2G6,0.08,False,0.0,0.07
CDKL4,0.04,False,0.0,0.07
CT45A9,0.04,False,0.0,0.07
TRIM42,0.04,False,0.0,0.07
OR10H4,0.04,False,0.0,0.07
ATOH7,0.04,False,0.0,0.07
FBXW10,0.04,False,0.0,0.07
SULT1C3,0.04,False,0.0,0.07
SEMG1,0.04,False,0.0,0.07
GLT6D1,0.04,False,0.0,0.07
BFSP1,0.04,False,0.0,0.07
GJA9,0.04,False,0.0,0.07
POMZP3,0.0,False,0.0,0.07
DEFB125,0.0,False,0.0,0.07
GPRC5D,0.0,False,0.0,0.07
ZAR1L,0.0,False,0.0,0.07
TMEM216,0.0,False,0.0,0.07
SPATA31A3,0.0,False,0.0,0.07
SMPX,0.0,False,0.0,0.07
UBTFL1,0.0,False,0.0,0.07
MRLN,0.0,False,0.0,0.07
KRTAP9-7,0.0,False,0.0,0.07
PRAMEF12,0.0,False,0.0,0.07
SMIM11,0.12,False,0.0,0.06
PATE1,0.12,False,0.0,0.06
GNRH1,0.12,False,0.0,0.06
CBLL2,0.08,False,0.0,0.06
FAM194C,0.08,False,0.0,0.06
SELENOV,0.08,False,0.0,0.06
MINAR2,0.08,False,0.0,0.06
SPDYE21,0.08,False,0.0,0.06
ARR3,0.08,False,0.0,0.06
KRTAP7-1,0.08,False,0.0,0.06
H2BC3,0.08,False,0.0,0.06
STRA8,0.08,False,0.0,0.06
LIPM,0.08,False,0.0,0.06
TAAR9,0.08,False,0.0,0.06
MTUS2,0.04,False,0.0,0.06
USP17L4,0.04,False,0.0,0.06
OR2T29,0.04,False,0.0,0.06
SHFL,0.04,False,0.0,0.06
OR7G1,0.04,False,0.0,0.06
RBMY1E,0.04,False,0.0,0.06
SPATA1,0.04,False,0.0,0.06
PRY,0.04,False,0.0,0.06
OR4F21,0.04,False,0.0,0.06
NCR2,0.04,False,0.0,0.06
ANKRD7,0.04,False,0.0,0.06
GPR52,0.04,False,0.0,0.06
GPHB5,0.04,False,0.0,0.06
OCM2,0.04,False,0.0,0.06
KCNJ6,0.04,False,0.0,0.06
CDY1,0.04,False,0.0,0.06
RAX2,0.04,False,0.0,0.06
SLC25A31,0.04,False,0.0,0.06
MPC1L,0.0,False,0.0,0.06
LDHAL6A,0.0,False,0.0,0.06
ZACN,0.0,False,0.0,0.06
DUX4,0.0,False,0.0,0.06
CDX4,0.0,False,0.0,0.06
SCGB1D4,0.0,False,0.0,0.06
MLN,0.0,False,0.0,0.06
CGB3,0.0,False,0.0,0.06
OLIG3,0.0,False,0.0,0.06
LYPD6B,0.0,False,0.0,0.06
MOS,0.0,False,0.0,0.06
TBC1D3D,0.16,False,0.0,0.05
OR8I2,0.12,False,0.0,0.05
SDR42E2,0.12,False,0.0,0.05
FCN2,0.12,False,0.0,0.05
OR56B1,0.08,False,0.0,0.05
NETO1,0.08,False,0.0,0.05
CHAT,0.08,False,0.0,0.05
TRIM75,0.08,False,0.0,0.05
KCTD19,0.08,False,0.0,0.05
OR6M1,0.08,False,0.0,0.05
ADGB,0.08,False,0.0,0.05
TEX13C,0.08,False,0.0,0.05
PLET1,0.08,False,0.0,0.05
IFNA4,0.04,False,0.0,0.05
STOML3,0.04,False,0.0,0.05
ZFP57,0.04,False,0.0,0.05
ETV3L,0.04,False,0.0,0.05
MAS1L,0.04,False,0.0,0.05
GARIN2,0.04,False,0.0,0.05
ACP7,0.04,False,0.0,0.05
CCDC192,0.04,False,0.0,0.05
MAGEA1,0.04,False,0.0,0.05
UBE2L5,0.04,False,0.0,0.05
SLC25A47,0.04,False,0.0,0.05
ANP32D,0.04,False,0.0,0.05
PRR5,0.04,False,0.0,0.05
PROKR1,0.04,False,0.0,0.05
ZC2HC1B,0.04,False,0.0,0.05
SPDYC,0.04,False,0.0,0.05
SUN3,0.04,False,0.0,0.05
XKR9,0.04,False,0.0,0.05
FLG,0.04,False,0.0,0.05
AQP10,0.04,False,0.0,0.05
NPPB,0.04,False,0.0,0.05
C12orf71,0.04,False,0.0,0.05
HSFY2,0.04,False,0.0,0.05
SH2D4B,0.04,False,0.0,0.05
XAGE3,0.04,False,0.0,0.05
DEFB135,0.0,False,0.0,0.05
MCCD1,0.0,False,0.0,0.05
PFN3,0.0,False,0.0,0.05
TSLP,0.0,False,0.0,0.05
CCDC42,0.0,False,0.0,0.05
SLC6A5,0.0,False,0.0,0.05
TBC1D3I,0.0,False,0.0,0.05
USP17L2,0.0,False,0.0,0.05
ODAPH,0.0,False,0.0,0.05
GPR149,0.0,False,0.0,0.05
H2BW1,0.0,False,0.0,0.05
SCGB1C1,0.0,False,0.0,0.05
LYZL1,0.0,False,0.0,0.05
SUMO4,0.0,False,0.0,0.05
OR4M2B,0.0,False,0.0,0.05
PKD1L3,0.0,False,0.0,0.05
CDC14C,0.0,False,0.0,0.05
NUTM2E,0.0,False,0.0,0.05
LIPF,0.0,False,0.0,0.05
KISS1R,0.0,False,0.0,0.05
HES7,0.0,False,0.0,0.05
CRYGD,0.0,False,0.0,0.05
CYP26C1,0.0,False,0.0,0.05
PRAMEF7,0.0,False,0.0,0.05
TMEM78,0.0,False,0.0,0.05
KLHL10,0.0,False,0.0,0.05
LALBA,0.0,False,0.0,0.05
ANGPTL6,0.16,False,0.0,0.04
OR4M2,0.12,False,0.0,0.04
MYH13,0.12,False,0.0,0.04
C18orf63,0.12,False,0.0,0.04
H2AC11,0.12,False,0.0,0.04
OR4M1,0.12,False,0.0,0.04
OR10V1,0.12,False,0.0,0.04
OR2M4,0.12,False,0.0,0.04
IL4,0.12,False,0.0,0.04
OR2T27,0.08,False,0.0,0.04
KRTAP22-1,0.08,False,0.0,0.04
C8orf89,0.08,False,0.0,0.04
CTAG1A,0.08,False,0.0,0.04
TMC3,0.04,False,0.0,0.04
MYMX,0.04,False,0.0,0.04
OR2M3,0.04,False,0.0,0.04
CORT,0.04,False,0.0,0.04
MATN1,0.04,False,0.0,0.04
RNF222,0.04,False,0.0,0.04
VSIG8,0.04,False,0.0,0.04
OR4C6,0.04,False,0.0,0.04
BGLAP,0.04,False,0.0,0.04
NR2E3,0.04,False,0.0,0.04
GMNC,0.04,False,0.0,0.04
KCTD14,0.04,False,0.0,0.04
OR13C8,0.04,False,0.0,0.04
C10orf71,0.04,False,0.0,0.04
OR6J1,0.04,False,0.0,0.04
OR6K3,0.04,False,0.0,0.04
CXorf49,0.04,False,0.0,0.04
OR5AK2,0.04,False,0.0,0.04
CLEC19A,0.04,False,0.0,0.04
SPESP1,0.04,False,0.0,0.04
MC4R,0.04,False,0.0,0.04
NMS,0.04,False,0.0,0.04
TP53TG3B,0.04,False,0.0,0.04
OR1L3,0.04,False,0.0,0.04
CRYBB2,0.04,False,0.0,0.04
OR8B12,0.04,False,0.0,0.04
TSHZ2,0.04,False,0.0,0.04
WFDC10B,0.04,False,0.0,0.04
KIR3DL2,0.04,False,0.0,0.04
CNTN3,0.04,False,0.0,0.04
SPMIP7,0.04,False,0.0,0.04
GARIN4,0.04,False,0.0,0.04
FAM209A,0.0,False,0.0,0.04
ELSPBP1,0.0,False,0.0,0.04
KRTAP4-9,0.0,False,0.0,0.04
IL9,0.0,False,0.0,0.04
C19orf81,0.0,False,0.0,0.04
NEUROG2,0.0,False,0.0,0.04
MYO1A,0.0,False,0.0,0.04
SP7,0.0,False,0.0,0.04
OR6C1,0.0,False,0.0,0.04
PSMD5,0.0,False,0.0,0.04
C4orf51,0.0,False,0.0,0.04
SULT1E1,0.0,False,0.0,0.04
DCAF12L1,0.0,False,0.0,0.04
EFCAB3,0.0,False,0.0,0.04
HCRTR2,0.0,False,0.0,0.04
KRT76,0.0,False,0.0,0.04
P3R3URF,0.0,False,0.0,0.04
OR2B6,0.0,False,0.0,0.04
CD160,0.0,False,0.0,0.04
NOX5,0.0,False,0.0,0.04
HTN3,0.0,False,0.0,0.04
SPMIP10,0.0,False,0.0,0.04
SCGB1D2,0.0,False,0.0,0.04
PADI4,0.0,False,0.0,0.04
KCNG3,0.0,False,0.0,0.04
KRTAP2-2,0.0,False,0.0,0.04
HYAL4,0.0,False,0.0,0.04
CCDC73,0.0,False,0.0,0.04
PSMB11,0.0,False,0.0,0.04
NR1D1,0.0,False,0.0,0.04
CCDC63,0.0,False,0.0,0.04
CSN3,0.0,False,0.0,0.04
EPB42,0.0,False,0.0,0.04
RBMY1J,0.0,False,0.0,0.04
REDIC1,0.0,False,0.0,0.04
BECN2,0.0,False,0.0,0.04
MEIG1,0.0,False,0.0,0.04
CTAGE1,0.0,False,0.0,0.04
PANX3,0.0,False,0.0,0.04
WFDC10A,0.0,False,0.0,0.04
ARL5C,0.0,False,0.0,0.04
PSG9,0.0,False,0.0,0.04
H1-3,0.0,False,0.0,0.04
SPDYE17,0.0,False,0.0,0.04
HCRT,0.0,False,0.0,0.04
CFAP144,0.0,False,0.0,0.04
TPRX1,0.0,False,0.0,0.04
CEACAM3,0.0,False,0.0,0.04
OR5D14,0.12,False,0.0,0.03
OR10AD1,0.12,False,0.0,0.03
TRIM48,0.12,False,0.0,0.03
MATN4,0.08,False,0.0,0.03
FBXO47,0.08,False,0.0,0.03
RGPD1,0.08,False,0.0,0.03
CIMAP1A,0.08,False,0.0,0.03
OR8U3,0.08,False,0.0,0.03
TEX53,0.08,False,0.0,0.03
TAAR6,0.08,False,0.0,0.03
RTP2,0.08,False,0.0,0.03
CES1,0.08,False,0.0,0.03
OR4A47,0.08,False,0.0,0.03
OR10K2,0.04,False,0.0,0.03
DEFB4B,0.04,False,0.0,0.03
OR10AC1,0.04,False,0.0,0.03
FKBP6,0.04,False,0.0,0.03
LYPD8,0.04,False,0.0,0.03
METTL21C,0.04,False,0.0,0.03
IZUMO3,0.04,False,0.0,0.03
OR51A2,0.04,False,0.0,0.03
TSGA13,0.04,False,0.0,0.03
PDE6C,0.04,False,0.0,0.03
FAM236B,0.04,False,0.0,0.03
IL17REL,0.04,False,0.0,0.03
OR2F1,0.04,False,0.0,0.03
KIR3DL1,0.04,False,0.0,0.03
RAD21L1,0.04,False,0.0,0.03
CT47A12,0.04,False,0.0,0.03
H2AB2,0.04,False,0.0,0.03
RANBP17,0.04,False,0.0,0.03
PRSS58,0.04,False,0.0,0.03
SLC4A9,0.04,False,0.0,0.03
HNRNPCL4,0.04,False,0.0,0.03
ADRB3,0.04,False,0.0,0.03
TMC1,0.04,False,0.0,0.03
TEX12,0.04,False,0.0,0.03
CCDC196,0.04,False,0.0,0.03
OR6N2,0.04,False,0.0,0.03
RHAG,0.04,False,0.0,0.03
BRDT,0.04,False,0.0,0.03
PRDM12,0.04,False,0.0,0.03
SPATA31A5,0.04,False,0.0,0.03
RNASE3,0.04,False,0.0,0.03
OR4F3,0.04,False,0.0,0.03
TMEM89,0.04,False,0.0,0.03
OR52P1,0.04,False,0.0,0.03
TEX13D,0.04,False,0.0,0.03
H2BC1,0.04,False,0.0,0.03
LIMS3,0.04,False,0.0,0.03
RPS26,0.04,False,0.0,0.03
CRYBB3,0.04,False,0.0,0.03
NXF3,0.04,False,0.0,0.03
TRIM54,0.04,False,0.0,0.03
CC2D2B,0.04,False,0.0,0.03
SMIM21,0.04,False,0.0,0.03
FUT5,0.04,False,0.0,0.03
OR1F1,0.04,False,0.0,0.03
SLC2A7,0.04,False,0.0,0.03
OOSP4B,0.04,False,0.0,0.03
IFNW1,0.0,False,0.0,0.03
ORM1,0.0,False,0.0,0.03
FAM90A11,0.0,False,0.0,0.03
DEFB105A,0.0,False,0.0,0.03
ATP23,0.0,False,0.0,0.03
FERD3L,0.0,False,0.0,0.03
TP53TG3C,0.0,False,0.0,0.03
ODF1,0.0,False,0.0,0.03
LGSN,0.0,False,0.0,0.03
FAM90A5,0.0,False,0.0,0.03
HLA-DQA2,0.0,False,0.0,0.03
DEFB134,0.0,False,0.0,0.03
GNRH2,0.0,False,0.0,0.03
H2AC7,0.0,False,0.0,0.03
ROBO2,0.0,False,0.0,0.03
TREH,0.0,False,0.0,0.03
HHIPL2,0.0,False,0.0,0.03
OR4F15,0.0,False,0.0,0.03
DBX1,0.0,False,0.0,0.03
PLSCR2,0.0,False,0.0,0.03
KCNJ18,0.0,False,0.0,0.03
ACTRT1,0.0,False,0.0,0.03
ZG16,0.0,False,0.0,0.03
TAAR5,0.0,False,0.0,0.03
TAAR2,0.0,False,0.0,0.03
GKN1,0.0,False,0.0,0.03
TRHR,0.0,False,0.0,0.03
TAS2R13,0.0,False,0.0,0.03
TPRX2,0.0,False,0.0,0.03
C7orf57,0.0,False,0.0,0.03
RBPJL,0.0,False,0.0,0.03
ACTN3,0.0,False,0.0,0.03
OR5AU1,0.0,False,0.0,0.03
MGAT4D,0.0,False,0.0,0.03
OR6F1,0.0,False,0.0,0.03
OR5H8,0.0,False,0.0,0.03
GJD3,0.0,False,0.0,0.03
NHERF2,0.0,False,0.0,0.03
SLC6A19,0.0,False,0.0,0.03
SPINK14,0.0,False,0.0,0.03
OR51Q1,0.0,False,0.0,0.03
DKK2,0.0,False,0.0,0.03
SCN9A,0.0,False,0.0,0.03
OR2B2,0.0,False,0.0,0.03
MBD3L1,0.0,False,0.0,0.03
OR5AL1,0.0,False,0.0,0.03
EIF2S3B,0.0,False,0.0,0.03
DEFB115,0.0,False,0.0,0.03
DYDC1,0.0,False,0.0,0.03
KRTAP4-4,0.0,False,0.0,0.03
OR4A16,0.0,False,0.0,0.03
OR4S2,0.0,False,0.0,0.03
TMEM244,0.0,False,0.0,0.03
GREM2,0.0,False,0.0,0.03
H2BC26,0.0,False,0.0,0.03
DLX2,0.0,False,0.0,0.03
GRIA4,0.0,False,0.0,0.03
ITPRID1,0.0,False,0.0,0.03
ALKAL1,0.0,False,0.0,0.03
FIBCD1,0.0,False,0.0,0.03
CFAP97D1,0.0,False,0.0,0.03
SAXO4,0.0,False,0.0,0.03
EFCAB9,0.0,False,0.0,0.03
SPDYE8,0.0,False,0.0,0.03
REP15,0.0,False,0.0,0.03
PPIAL4A,0.0,False,0.0,0.03
DMRTB1,0.0,False,0.0,0.03
KCNA6,0.0,False,0.0,0.03
SLAMF9,0.0,False,0.0,0.03
KRTAP21-2,0.0,False,0.0,0.03
IFNA13,0.0,False,0.0,0.03
GCM1,0.0,False,0.0,0.03
TFAP2D,0.0,False,0.0,0.03
PKD1L2,0.0,False,0.0,0.03
SERTM2,0.12,False,0.0,0.02
LHX6,0.12,False,0.0,0.02
USP29,0.12,False,0.0,0.02
OR4P4,0.08,False,0.0,0.02
OR5AC1,0.08,False,0.0,0.02
SMIM23,0.08,False,0.0,0.02
ZNF679,0.08,False,0.0,0.02
WBP2NL,0.08,False,0.0,0.02
CCDC54,0.08,False,0.0,0.02
OPN1MW3,0.08,False,0.0,0.02
PSG2,0.08,False,0.0,0.02
SNURF,0.08,False,0.0,0.02
CTAGE6,0.08,False,0.0,0.02
OR6N1,0.04,False,0.0,0.02
TMOD4,0.04,False,0.0,0.02
NR5A1,0.04,False,0.0,0.02
H3-4,0.04,False,0.0,0.02
MSGN1,0.04,False,0.0,0.02
OR4X1,0.04,False,0.0,0.02
OR2B11,0.04,False,0.0,0.02
OR13C2,0.04,False,0.0,0.02
CRISP1,0.04,False,0.0,0.02
KRTAP13-4,0.04,False,0.0,0.02
CHRM2,0.04,False,0.0,0.02
OR1I1,0.04,False,0.0,0.02
TUBAL3,0.04,False,0.0,0.02
LGALS14,0.04,False,0.0,0.02
GNAT3,0.04,False,0.0,0.02
IFNA1,0.04,False,0.0,0.02
KRTAP12-3,0.04,False,0.0,0.02
NCBP2L,0.04,False,0.0,0.02
GJD4,0.04,False,0.0,0.02
CPLX4,0.04,False,0.0,0.02
GARIN5A,0.04,False,0.0,0.02
OR2T1,0.04,False,0.0,0.02
SCUBE1,0.04,False,0.0,0.02
TUBA4B,0.04,False,0.0,0.02
PATE3,0.04,False,0.0,0.02
BARHL1,0.04,False,0.0,0.02
CLRN1,0.04,False,0.0,0.02
PRTN3,0.04,False,0.0,0.02
SHISA6,0.04,False,0.0,0.02
MROH9,0.04,False,0.0,0.02
ADGRF3,0.04,False,0.0,0.02
SPANXN3,0.04,False,0.0,0.02
TDRD15,0.04,False,0.0,0.02
TBC1D21,0.04,False,0.0,0.02
OR11G2,0.04,False,0.0,0.02
SAXO3,0.04,False,0.0,0.02
CENPVL3,0.04,False,0.0,0.02
C16orf82,0.04,False,0.0,0.02
DRD2,0.04,False,0.0,0.02
RIBC2,0.04,False,0.0,0.02
SPPL2C,0.04,False,0.0,0.02
FAM236D,0.04,False,0.0,0.02
GSG1,0.04,False,0.0,0.02
CPO,0.04,False,0.0,0.02
TRPA1,0.04,False,0.0,0.02
TSKS,0.04,False,0.0,0.02
DEFB114,0.04,False,0.0,0.02
ZFP42,0.04,False,0.0,0.02
OR51G2,0.04,False,0.0,0.02
CT47A5,0.04,False,0.0,0.02
WFDC11,0.04,False,0.0,0.02
OR4L1,0.04,False,0.0,0.02
FOXL3,0.04,False,0.0,0.02
OR5A2,0.04,False,0.0,0.02
OR12D3,0.04,False,0.0,0.02
HYPK,0.04,False,0.0,0.02
NAT16,0.04,False,0.0,0.02
VSTM1,0.04,False,0.0,0.02
ADGRG6,0.04,False,0.0,0.02
RAB6D,0.04,False,0.0,0.02
LHX5,0.04,False,0.0,0.02
MBD3L3,0.04,False,0.0,0.02
SPOCD1,0.04,False,0.0,0.02
SIGLECL1,0.04,False,0.0,0.02
OR5H14,0.04,False,0.0,0.02
LACRT,0.04,False,0.0,0.02
SPATA3,0.04,False,0.0,0.02
SETSIP,0.04,False,0.0,0.02
TEX28,0.04,False,0.0,0.02
SKOR2,0.04,False,0.0,0.02
UBQLN3,0.04,False,0.0,0.02
CYSLTR2,0.0,False,0.0,0.02
GPHA2,0.0,False,0.0,0.02
CATSPERQ,0.0,False,0.0,0.02
OR6C6,0.0,False,0.0,0.02
MRGPRX2,0.0,False,0.0,0.02
FAM170B,0.0,False,0.0,0.02
FGF6,0.0,False,0.0,0.02
KRTAP19-2,0.0,False,0.0,0.02
KRT25,0.0,False,0.0,0.02
NPB,0.0,False,0.0,0.02
SLC25A52,0.0,False,0.0,0.02
RTP1,0.0,False,0.0,0.02
STPG4,0.0,False,0.0,0.02
PAX5,0.0,False,0.0,0.02
TXK,0.0,False,0.0,0.02
PNLIPRP2,0.0,False,0.0,0.02
GRK7,0.0,False,0.0,0.02
TENT5D,0.0,False,0.0,0.02
TTLL13,0.0,False,0.0,0.02
ERICH6B,0.0,False,0.0,0.02
DRC12,0.0,False,0.0,0.02
SERF1A,0.0,False,0.0,0.02
DEFB118,0.0,False,0.0,0.02
DEFB113,0.0,False,0.0,0.02
FIGLA,0.0,False,0.0,0.02
PCDH11Y,0.0,False,0.0,0.02
RAB40AL,0.0,False,0.0,0.02
DDX4,0.0,False,0.0,0.02
SSTR5,0.0,False,0.0,0.02
OR1L4,0.0,False,0.0,0.02
SAXO5,0.0,False,0.0,0.02
CYP26A1,0.0,False,0.0,0.02
MAP1LC3A,0.0,False,0.0,0.02
GARIN3,0.0,False,0.0,0.02
CELA1,0.0,False,0.0,0.02
OR1L1,0.0,False,0.0,0.02
IFNL2,0.0,False,0.0,0.02
GOLGA8Q,0.0,False,0.0,0.02
CEACAM16,0.0,False,0.0,0.02
APOL4,0.0,False,0.0,0.02
CLEC6A,0.0,False,0.0,0.02
KCNS2,0.0,False,0.0,0.02
RXFP2,0.0,False,0.0,0.02
VWA5B1,0.0,False,0.0,0.02
ERVV-2,0.0,False,0.0,0.02
FSCN3,0.0,False,0.0,0.02
HTR3D,0.0,False,0.0,0.02
C1orf105,0.0,False,0.0,0.02
ADAM7,0.0,False,0.0,0.02
IRGM,0.0,False,0.0,0.02
CIMIP5,0.0,False,0.0,0.02
OR52E8,0.0,False,0.0,0.02
TP53,0.0,False,0.0,0.02
TVP23C,0.0,False,0.0,0.02
SPANXC,0.0,False,0.0,0.02
SIRT4,0.0,False,0.0,0.02
FAM90A26,0.0,False,0.0,0.02
ZNF593OS,0.0,False,0.0,0.02
LYPD2,0.0,False,0.0,0.02
OPN1MW,0.0,False,0.0,0.02
DMRTC1,0.0,False,0.0,0.02
OR1D5,0.0,False,0.0,0.02
CPSF4L,0.0,False,0.0,0.02
LRIT1,0.0,False,0.0,0.02
H2BC10,0.0,False,0.0,0.02
NRAP,0.0,False,0.0,0.02
PPEF2,0.0,False,0.0,0.02
TUBA3C,0.0,False,0.0,0.02
OR2L8,0.0,False,0.0,0.02
GOLGA6L26,0.0,False,0.0,0.02
DPRX,0.0,False,0.0,0.02
GDF5,0.0,False,0.0,0.02
ANKRD60,0.0,False,0.0,0.02
ADAMTSL5,0.0,False,0.0,0.02
LYLDT1,0.0,False,0.0,0.02
GMCL2,0.0,False,0.0,0.02
IGFBP1,0.0,False,0.0,0.02
OR5H1,0.0,False,0.0,0.02
SPEM1,0.0,False,0.0,0.02
DAND5,0.0,False,0.0,0.02
GABRA2,0.0,False,0.0,0.02
H2AC14,0.0,False,0.0,0.02
MAGEB6B,0.0,False,0.0,0.02
KRTAP5-9,0.0,False,0.0,0.02
OR5P2,0.0,False,0.0,0.02
PAGE5,0.0,False,0.0,0.02
CALHM1,0.0,False,0.0,0.02
KCTD8,0.0,False,0.0,0.02
VCX,0.0,False,0.0,0.02
CCDC185,0.0,False,0.0,0.02
ACSM4,0.0,False,0.0,0.02
CXorf58,0.0,False,0.0,0.02
FAM180B,0.0,False,0.0,0.02
PTCRA,0.0,False,0.0,0.02
PPBP,0.0,False,0.0,0.02
STOM,0.0,False,0.0,0.02
GLIPR1L1,0.0,False,0.0,0.02
TBC1D3K,0.0,False,0.0,0.02
MYO1H,0.0,False,0.0,0.02
SMTNL1,0.0,False,0.0,0.02
CABP4,0.0,False,0.0,0.02
OR10H2,0.0,False,0.0,0.02
OR13J1,0.0,False,0.0,0.02
MAG,0.0,False,0.0,0.02
OR4B1,0.0,False,0.0,0.02
OR2A14,0.0,False,0.0,0.02
NCR3,0.0,False,0.0,0.02
GARIN1A,0.0,False,0.0,0.02
GPR156,0.0,False,0.0,0.02
LRTM3,0.0,False,0.0,0.02
CCER1,0.0,False,0.0,0.02
OPN1MW2,0.0,False,0.0,0.02
OR11A1,0.0,False,0.0,0.02
S100G,0.0,False,0.0,0.02
ACOT6,0.0,False,0.0,0.02
GPR50,0.0,False,0.0,0.02
KRTAP10-7,0.0,False,0.0,0.02
OR6C74,0.0,False,0.0,0.02
OR4A15,0.0,False,0.0,0.02
OR51B2,0.0,False,0.0,0.02
KRTAP19-6,0.0,False,0.0,0.02
TMPRSS9,0.0,False,0.0,0.02
ELOA2,0.0,False,0.0,0.02
TAS2R43,0.0,False,0.0,0.02
IFNA6,0.0,False,0.0,0.02
HEMK2,0.0,False,0.0,0.02
ADAMDEC1,0.0,False,0.0,0.02
BHLHA9,0.0,False,0.0,0.02
TMEM238L,0.0,False,0.0,0.02
CCDC194,0.0,False,0.0,0.02
PRSS37,0.0,False,0.0,0.02
FOXD4L6,0.0,False,0.0,0.02
OC90,0.0,False,0.0,0.02
DSG4,0.0,False,0.0,0.02
ZNF705D,0.0,False,0.0,0.02
KCNH7,0.0,False,0.0,0.02
GUCA1B,0.0,False,0.0,0.02
KRTAP20-3,0.0,False,0.0,0.02
GDF3,0.0,False,0.0,0.02
SPATA31A6,0.0,False,0.0,0.02
SPANXB1,0.0,False,0.0,0.02
SSMEM1,0.0,False,0.0,0.02
FABP12,0.0,False,0.0,0.02
SLC34A3,0.0,False,0.0,0.02
GSDMA,0.0,False,0.0,0.02
SLC17A6,0.0,False,0.0,0.02
DEFB107A,0.0,False,0.0,0.02
DEFB107B,0.0,False,0.0,0.02
H4C4,0.0,False,0.0,0.02
HMGB4,0.0,False,0.0,0.02
PRKG2,0.0,False,0.0,0.02
HSPA2,0.0,False,0.0,0.02
CRP,0.0,False,0.0,0.02
GK2,0.0,False,0.0,0.02
VHLL,0.0,False,0.0,0.02
WDR97,0.0,False,0.0,0.02
RLBP1,0.0,False,0.0,0.02
LACTBL1,0.0,False,0.0,0.02
SCML2,0.0,False,0.0,0.02
OR10J1,0.0,False,0.0,0.02
WNT1,0.0,False,0.0,0.02
ASCL1,0.0,False,0.0,0.02
LCE3B,0.0,False,0.0,0.02
MARCHF10,0.0,False,0.0,0.02
TAS2R10,0.0,False,0.0,0.02
GSG1L2,0.0,False,0.0,0.02
OR4C11,0.16,False,0.0,0.01
OR5T2,0.12,False,0.0,0.01
KRTAP19-8,0.12,False,0.0,0.01
CALR3,0.12,False,0.0,0.01
KRTAP9-9,0.12,False,0.0,0.01
TMEM191B,0.12,False,0.0,0.01
DEFB128,0.08,False,0.0,0.01
CT47B1,0.08,False,0.0,0.01
PGK2,0.08,False,0.0,0.01
LY6L,0.08,False,0.0,0.01
KCNA5,0.08,False,0.0,0.01
BSPH1,0.08,False,0.0,0.01
LDHC,0.08,False,0.0,0.01
HSFY1,0.08,False,0.0,0.01
OR2A5,0.08,False,0.0,0.01
OR5AS1,0.08,False,0.0,0.01
OR52N2,0.08,False,0.0,0.01
OR5M9,0.08,False,0.0,0.01
GJA8,0.08,False,0.0,0.01
OR5L1,0.08,False,0.0,0.01
GSX2,0.08,False,0.0,0.01
OLFM3,0.08,False,0.0,0.01
OR8J2,0.08,False,0.0,0.01
MAGEB3,0.08,False,0.0,0.01
TBC1D3E,0.08,False,0.0,0.01
NKX1-1,0.08,False,0.0,0.01
SHISAL2B,0.08,False,0.0,0.01
LCE5A,0.08,False,0.0,0.01
SLC25A41,0.08,False,0.0,0.01
SPANXN5,0.08,False,0.0,0.01
ZSCAN5C,0.08,False,0.0,0.01
UCMA,0.08,False,0.0,0.01
CSRP3,0.04,False,0.0,0.01
OR51A4,0.04,False,0.0,0.01
MTNR1B,0.04,False,0.0,0.01
EFNA2,0.04,False,0.0,0.01
GPR78,0.04,False,0.0,0.01
HSD17B13,0.04,False,0.0,0.01
AWAT1,0.04,False,0.0,0.01
KRTAP6-1,0.04,False,0.0,0.01
OLAH,0.04,False,0.0,0.01
OR2AG2,0.04,False,0.0,0.01
PPIAL4G,0.04,False,0.0,0.01
PITX2,0.04,False,0.0,0.01
TM4SF19,0.04,False,0.0,0.01
OR5M3,0.04,False,0.0,0.01
ABCC11,0.04,False,0.0,0.01
C12orf42,0.04,False,0.0,0.01
PGBDF,0.04,False,0.0,0.01
NRN1L,0.04,False,0.0,0.01
HIGD2B,0.04,False,0.0,0.01
PBOV1,0.04,False,0.0,0.01
PSKH2,0.04,False,0.0,0.01
CSAG3,0.04,False,0.0,0.01
UGT3A2,0.04,False,0.0,0.01
FOLR3,0.04,False,0.0,0.01
SEBOX,0.04,False,0.0,0.01
ADAM30,0.04,False,0.0,0.01
H2AB1,0.04,False,0.0,0.01
SOST,0.04,False,0.0,0.01
NQO2,0.04,False,0.0,0.01
USP17L11,0.04,False,0.0,0.01
KLHL33,0.04,False,0.0,0.01
IFNA14,0.04,False,0.0,0.01
USP17L20,0.04,False,0.0,0.01
BTG4,0.04,False,0.0,0.01
PDZD9,0.04,False,0.0,0.01
P2RX2,0.04,False,0.0,0.01
OR9Q2,0.04,False,0.0,0.01
FXYD7,0.04,False,0.0,0.01
LAMC3,0.04,False,0.0,0.01
CLRN2,0.04,False,0.0,0.01
TP53TG5,0.04,False,0.0,0.01
OR5V1,0.04,False,0.0,0.01
OR1M1,0.04,False,0.0,0.01
VPREB3,0.04,False,0.0,0.01
SMR3B,0.04,False,0.0,0.01
GHSR,0.04,False,0.0,0.01
ZNF717,0.04,False,0.0,0.01
TRIM77,0.04,False,0.0,0.01
KRTAP12-2,0.04,False,0.0,0.01
TAS2R42,0.04,False,0.0,0.01
KCNG2,0.04,False,0.0,0.01
OR52R1,0.04,False,0.0,0.01
PPY,0.04,False,0.0,0.01
TMEM270,0.04,False,0.0,0.01
PLCZ1,0.04,False,0.0,0.01
SLC16A10,0.04,False,0.0,0.01
C4orf17,0.04,False,0.0,0.01
MRGPRX4,0.04,False,0.0,0.01
GOLGA6L1,0.04,False,0.0,0.01
SNTG2,0.04,False,0.0,0.01
RNASE8,0.04,False,0.0,0.01
MGAM,0.04,False,0.0,0.01
ISL2,0.04,False,0.0,0.01
TEX47,0.04,False,0.0,0.01
MINDY4B,0.04,False,0.0,0.01
CEACAM20,0.04,False,0.0,0.01
CHRNB3,0.04,False,0.0,0.01
GADL1,0.04,False,0.0,0.01
FMR1NB,0.04,False,0.0,0.01
OR10H5,0.04,False,0.0,0.01
LRRD1,0.04,False,0.0,0.01
IFNA2,0.04,False,0.0,0.01
FOXD4L1,0.04,False,0.0,0.01
IFNA5,0.04,False,0.0,0.01
SPATA31G1,0.04,False,0.0,0.01
GOLGA6B,0.04,False,0.0,0.01
PRDM7,0.04,False,0.0,0.01
GLYATL3,0.04,False,0.0,0.01
OR3A1,0.04,False,0.0,0.01
CSH2,0.04,False,0.0,0.01
OR2C1,0.04,False,0.0,0.01
C5orf47,0.04,False,0.0,0.01
FAM209B,0.04,False,0.0,0.01
OR2W3,0.04,False,0.0,0.01
SPDYE12,0.04,False,0.0,0.01
HSF5,0.04,False,0.0,0.01
AXDND1,0.04,False,0.0,0.01
PRAMEF26,0.04,False,0.0,0.01
OR51H1,0.04,False,0.0,0.01
PRLH,0.04,False,0.0,0.01
OR4F4,0.04,False,0.0,0.01
ADPRHL1,0.04,False,0.0,0.01
C12orf56,0.04,False,0.0,0.01
OR6B1,0.04,False,0.0,0.01
KRTAP4-12,0.04,False,0.0,0.01
TAS2R38,0.04,False,0.0,0.01
OR8B4,0.04,False,0.0,0.01
C19orf67,0.04,False,0.0,0.01
BPIFB4,0.04,False,0.0,0.01
TRIM49,0.04,False,0.0,0.01
POU4F3,0.04,False,0.0,0.01
SMIM2,0.04,False,0.0,0.01
KIR2DL4,0.04,False,0.0,0.01
CHCT1,0.0,False,0.0,0.01
SP8,0.0,False,0.0,0.01
PROP1,0.0,False,0.0,0.01
SOFU1,0.0,False,0.0,0.01
PCARE,0.0,False,0.0,0.01
OMP,0.0,False,0.0,0.01
RBM20,0.0,False,0.0,0.01
IL9R,0.0,False,0.0,0.01
MAP3K6,0.0,False,0.0,0.01
CPB1,0.0,False,0.0,0.01
ANKRD20A1,0.0,False,0.0,0.01
HIGD1C,0.0,False,0.0,0.01
RIMBP3C,0.0,False,0.0,0.01
OR2L13,0.0,False,0.0,0.01
MT1HL1,0.0,False,0.0,0.01
PLEKHD1,0.0,False,0.0,0.01
C4orf50,0.0,False,0.0,0.01
IL25,0.0,False,0.0,0.01
MEIOC,0.0,False,0.0,0.01
TREML4,0.0,False,0.0,0.01
RIMBP3,0.0,False,0.0,0.01
ZDHHC11B,0.0,False,0.0,0.01
ASCL3,0.0,False,0.0,0.01
ECT2L,0.0,False,0.0,0.01
HRNR,0.0,False,0.0,0.01
SHISA8,0.0,False,0.0,0.01
OR52L1,0.0,False,0.0,0.01
GPR180,0.0,False,0.0,0.01
UGT2A1,0.0,False,0.0,0.01
ST8SIA5,0.0,False,0.0,0.01
OR5L2,0.0,False,0.0,0.01
SMIM9,0.0,False,0.0,0.01
OR2J2,0.0,False,0.0,0.01
LRRC3C,0.0,False,0.0,0.01
LRRN3,0.0,False,0.0,0.01
FBXO40,0.0,False,0.0,0.01
FAM90A3,0.0,False,0.0,0.01
CELA2B,0.0,False,0.0,0.01
DNAJC5G,0.0,False,0.0,0.01
OR51B4,0.0,False,0.0,0.01
HSFX2,0.0,False,0.0,0.01
TAS2R31,0.0,False,0.0,0.01
PTGDR,0.0,False,0.0,0.01
ULBP1,0.0,False,0.0,0.01
GATA4,0.0,False,0.0,0.01
FOXB2,0.0,False,0.0,0.01
GPR42,0.0,False,0.0,0.01
CYLC2,0.0,False,0.0,0.01
TMEM179,0.0,False,0.0,0.01
TBC1D3L,0.0,False,0.0,0.01
MC5R,0.0,False,0.0,0.01
LRIT3,0.0,False,0.0,0.01
OR14A16,0.0,False,0.0,0.01
PPEF1,0.0,False,0.0,0.01
GHRH,0.0,False,0.0,0.01
MS4A5,0.0,False,0.0,0.01
GAS2,0.0,False,0.0,0.01
CGB2,0.0,False,0.0,0.01
TMPRSS5,0.0,False,0.0,0.01
H4C11,0.0,False,0.0,0.01
CSNK2A3,0.0,False,0.0,0.01
MAGEB17,0.0,False,0.0,0.01
NLRP2,0.0,False,0.0,0.01
F8A3,0.0,False,0.0,0.01
GNG5B,0.0,False,0.0,0.01
PGAM2,0.0,False,0.0,0.01
SMR3A,0.0,False,0.0,0.01
ERICH6,0.0,False,0.0,0.01
PTCHD3,0.0,False,0.0,0.01
OR12D2,0.0,False,0.0,0.01
BEAN1,0.0,False,0.0,0.01
ATP12A,0.0,False,0.0,0.01
SNCB,0.0,False,0.0,0.01
SLC22A14,0.0,False,0.0,0.01
FAM178B,0.0,False,0.0,0.01
TPSD1,0.0,False,0.0,0.01
KRTAP10-9,0.0,False,0.0,0.01
RLN1,0.0,False,0.0,0.01
OR51B6,0.0,False,0.0,0.01
PF4,0.0,False,0.0,0.01
H4C6,0.0,False,0.0,0.01
AGTR2,0.0,False,0.0,0.01
TMPRSS12,0.0,False,0.0,0.01
TBX5,0.0,False,0.0,0.01
ACKR5,0.0,False,0.0,0.01
GYS2,0.0,False,0.0,0.01
FNDC8,0.0,False,0.0,0.01
POTEB2,0.0,False,0.0,0.01
KCNRG,0.0,False,0.0,0.01
H3C12,0.0,False,0.0,0.01
CATSPERE,0.0,False,0.0,0.01
MYBPC3,0.0,False,0.0,0.01
HAPSTR2,0.0,False,0.0,0.01
B3GALT2,0.0,False,0.0,0.01
DCPS,0.0,False,0.0,0.01
EXOC3L4,0.0,False,0.0,0.01
DHRS7C,0.0,False,0.0,0.01
ASB1,0.0,False,0.0,0.01
SLC35G4,0.0,False,0.0,0.01
TRIM51G,0.0,False,0.0,0.01
OVGP1,0.0,False,0.0,0.01
OXGR1,0.0,False,0.0,0.01
CRHR2,0.0,False,0.0,0.01
RNASE9,0.0,False,0.0,0.01
TICAM2,0.0,False,0.0,0.01
SMOC1,0.0,False,0.0,0.01
IGSF9B,0.0,False,0.0,0.01
CABP5,0.0,False,0.0,0.01
CLEC4C,0.0,False,0.0,0.01
MMP21,0.0,False,0.0,0.01
SPMIP6,0.0,False,0.0,0.01
CFAP74,0.0,False,0.0,0.01
NPIPA8,0.0,False,0.0,0.01
MDFIC2,0.0,False,0.0,0.01
ANKRD61,0.0,False,0.0,0.01
KRTAP26-1,0.0,False,0.0,0.01
WFDC12,0.0,False,0.0,0.01
POC5,0.0,False,0.0,0.01
OR2AG1,0.0,False,0.0,0.01
KY,0.0,False,0.0,0.01
PFN4,0.0,False,0.0,0.01
MAEL,0.0,False,0.0,0.01
ONECUT1,0.0,False,0.0,0.01
C17orf78,0.0,False,0.0,0.01
TRIM74,0.0,False,0.0,0.01
WNT5B,0.0,False,0.0,0.01
SBK2,0.0,False,0.0,0.01
GOLGA6L10,0.0,False,0.0,0.01
FAM236A,0.0,False,0.0,0.01
KRTAP29-1,0.0,False,0.0,0.01
NPFF,0.0,False,0.0,0.01
OR10AG1,0.0,False,0.0,0.01
NANOGNB,0.0,False,0.0,0.01
OR4C3,0.0,False,0.0,0.01
HOXA4,0.0,False,0.0,0.01
RLN3,0.0,False,0.0,0.01
PCP2,0.0,False,0.0,0.01
STYK1,0.0,False,0.0,0.01
CAPZA3,0.0,False,0.0,0.01
FTMT,0.0,False,0.0,0.01
RNASE10,0.0,False,0.0,0.01
HSD3B2,0.0,False,0.0,0.01
FOXD4L4,0.0,False,0.0,0.01
PWP2,0.0,False,0.0,0.01
HFM1,0.0,False,0.0,0.01
RASSF9,0.0,False,0.0,0.01
SLC16A8,0.0,False,0.0,0.01
IQCJ,0.0,False,0.0,0.01
TSPO2,0.0,False,0.0,0.01
NMBR,0.0,False,0.0,0.01
RGS8,0.0,False,0.0,0.01
VN1R5,0.0,False,0.0,0.01
DMRT1,0.0,False,0.0,0.01
AKR1D1,0.0,False,0.0,0.01
OR4C46,0.0,False,0.0,0.01
TECRL,0.0,False,0.0,0.01
H2BC8,0.0,False,0.0,0.01
TPTE2,0.0,False,0.0,0.01
RYR2,0.0,False,0.0,0.01
GGACT,0.0,False,0.0,0.01
SIX3,0.0,False,0.0,0.01
FOXC1,0.0,False,0.0,0.01
LHX8,0.0,False,0.0,0.01
DENND1B,0.0,False,0.0,0.01
GSTM1,0.0,False,0.0,0.01
PAGE3,0.0,False,0.0,0.01
TAF7L,0.0,False,0.0,0.01
WNT7A,0.0,False,0.0,0.01
H4C3,0.0,False,0.0,0.01
NUP62CL,0.0,False,0.0,0.01
MUC12,0.0,False,0.0,0.01
AFG2B,0.0,False,0.0,0.01
TP53TG3F,0.0,False,0.0,0.01
TTC36,0.0,False,0.0,0.01
MVK,0.0,False,0.0,0.01
RIPPLY1,0.0,False,0.0,0.01
OR10G9,0.0,False,0.0,0.01
KANK1,0.0,False,0.0,0.01
SPMIP4,0.0,False,0.0,0.01
NXPE4,0.0,False,0.0,0.01
DEFB108B,0.0,False,0.0,0.01
PPP1R1C,0.0,False,0.0,0.01
CLEC18A,0.0,False,0.0,0.01
OR1E2,0.0,False,0.0,0.01
KRT23,0.0,False,0.0,0.01
PDIA2,0.0,False,0.0,0.01
CDH7,0.0,False,0.0,0.01
IL5,0.0,False,0.0,0.01
SH3BP5,0.0,False,0.0,0.01
F2,0.0,False,0.0,0.01
DEFA4,0.0,False,0.0,0.01
CFAP77,0.0,False,0.0,0.01
ELOVL3,0.0,False,0.0,0.01
NPM2,0.0,False,0.0,0.01
MRGPRX1,0.0,False,0.0,0.01
TEX19,0.0,False,0.0,0.01
LRRC74A,0.0,False,0.0,0.01
GCG,0.0,False,0.0,0.01
KCNE5,0.0,False,0.0,0.01
CIDEA,0.0,False,0.0,0.01
PF4V1,0.0,False,0.0,0.01
HYAL3,0.0,False,0.0,0.01
GRIN1,0.0,False,0.0,0.01
F5,0.0,False,0.0,0.01
SPINK13,0.0,False,0.0,0.01
TMPRSS6,0.0,False,0.0,0.01
ANGPTL3,0.0,False,0.0,0.01
PPIAL4F,0.0,False,0.0,0.01
GHRL,0.0,False,0.0,0.01
CYP2A13,0.0,False,0.0,0.01
PWWP4,0.0,False,0.0,0.01
PLSCR5,0.0,False,0.0,0.01
LRRC19,0.0,False,0.0,0.01
ASTL,0.0,False,0.0,0.01
DEFB110,0.0,False,0.0,0.01
GLYATL1B,0.0,False,0.0,0.01
HNRNPCL2,0.0,False,0.0,0.01
SRY,0.0,False,0.0,0.01
OTOG,0.0,False,0.0,0.01
SPANXA1,0.0,False,0.0,0.01
DRD3,0.0,False,0.0,0.01
SPATA16,0.0,False,0.0,0.01
DNAH14,0.0,False,0.0,0.01
GOLGA6C,0.0,False,0.0,0.01
HORMAD1,0.0,False,0.0,0.01
GABRE,0.0,False,0.0,0.01
OR51V1,0.0,False,0.0,0.01
TRIM67,0.0,False,0.0,0.01
MATK,0.0,False,0.0,0.01
LGALS13,0.0,False,0.0,0.01
FGF21,0.0,False,0.0,0.01
ZNF257,0.0,False,0.0,0.01
UBB,0.0,False,0.0,0.01
OR2L2,0.0,False,0.0,0.01
TEKTL1,0.0,False,0.0,0.01
FGF17,0.0,False,0.0,0.01
OR5T1,0.0,False,0.0,0.01
KCNT1,0.0,False,0.0,0.01
ENPP7,0.0,False,0.0,0.01
OR2T10,0.0,False,0.0,0.01
SEPTIN12,0.0,False,0.0,0.01
ZNF730,0.0,False,0.0,0.01
SPDYE10,0.0,False,0.0,0.01
MBD3L4,0.0,False,0.0,0.01
LHX9,0.0,False,0.0,0.01
LCN8,0.0,False,0.0,0.01
MSX2,0.0,False,0.0,0.01
SMIM28,0.0,False,0.0,0.01
OR2T3,0.0,False,0.0,0.01
CYP4F12,0.0,False,0.0,0.01
SCAND3,0.0,False,0.0,0.01
TAS2R8,0.0,False,0.0,0.01
KRTAP4-11,0.0,False,0.0,0.01
OR5H6,0.0,False,0.0,0.01
GOLGA8T,0.0,False,0.0,0.01
IZUMO1R,0.0,False,0.0,0.01
PRAMEF33,0.0,False,0.0,0.01
GALR2,0.0,False,0.0,0.01
FER1L5,0.0,False,0.0,0.01
LRRC36,0.0,False,0.0,0.01
ASCL5,0.0,False,0.0,0.01
GOLGA6L25,0.0,False,0.0,0.01
OR2A42,0.0,False,0.0,0.01
AIPL1,0.0,False,0.0,0.01
TAAR8,0.0,False,0.0,0.01
TMEM253,0.0,False,0.0,0.01
PAPPA2,0.0,False,0.0,0.01
CLEC4M,0.0,False,0.0,0.01
RNF175,0.0,False,0.0,0.01
LRRTM3,0.0,False,0.0,0.01
SPDYE6,0.0,False,0.0,0.01
H2AC21,0.0,False,0.0,0.01
FOXB1,0.0,False,0.0,0.01
RTKN2,0.0,False,0.0,0.01
BHLHE22,0.0,False,0.0,0.01
NAT8,0.0,False,0.0,0.01
PPIAL4E,0.0,False,0.0,0.01
PSMA8,0.0,False,0.0,0.01
OR4S1,0.0,False,0.0,0.01
TAS2R50,0.0,False,0.0,0.01
OR52N5,0.0,False,0.0,0.01
LAYN,0.0,False,0.0,0.01
PRY2,0.0,False,0.0,0.01
GRIFIN,0.0,False,0.0,0.01
FAM50B,0.0,False,0.0,0.01
GYPE,0.0,False,0.0,0.01
CACNG5,0.0,False,0.0,0.01
SPACA7,0.0,False,0.0,0.01
CELA3A,0.0,False,0.0,0.01
CLEC18B,0.0,False,0.0,0.01
SMCO3,0.0,False,0.0,0.01
CHD5,0.0,False,0.0,0.01
SPATA31A7,0.0,False,0.0,0.01
KLK14,0.0,False,0.0,0.01
GABRR1,0.0,False,0.0,0.01
GDPD4,0.0,False,0.0,0.01
CTAG1B,0.0,False,0.0,0.01
ZNF729,0.0,False,0.0,0.01
PIWIL2,0.0,False,0.0,0.01
DMRTC2,0.0,False,0.0,0.01
ATXN3L,0.0,False,0.0,0.01
NCCRP1,0.0,False,0.0,0.01
RFPL1,0.0,False,0.0,0.01
KRT27,0.0,False,0.0,0.01
USP17L18,0.0,False,0.0,0.01
C11orf91,0.0,False,0.0,0.01
SPMIP2,0.0,False,0.0,0.01
NKX2-2,0.0,False,0.0,0.01
NPIPB7,0.0,False,0.0,0.01
KRTAP5-1,0.0,False,0.0,0.01
PATE4,0.0,False,0.0,0.01
AMBN,0.0,False,0.0,0.01
PPP1R2B,0.0,False,0.0,0.01
OR5K1,0.0,False,0.0,0.01
ARGFX,0.0,False,0.0,0.01
RHD,0.0,False,0.0,0.01
DUSP2,0.0,False,0.0,0.01
ALPL,0.0,False,0.0,0.01
PTH,0.0,False,0.0,0.01
SLC22A7,0.0,False,0.0,0.01
SLC22A8,0.0,False,0.0,0.01
DCDC2C,0.0,False,0.0,0.01
KCNJ1,0.0,False,0.0,0.01
C4BPB,0.0,False,0.0,0.01
LRRC10B,0.0,False,0.0,0.01
CEP295NL,0.0,False,0.0,0.01
CRISP2,0.0,False,0.0,0.01
ANKRD34C,0.0,False,0.0,0.01
FHAD1,0.0,False,0.0,0.01
ATP6V1G3,0.0,False,0.0,0.01
LRTM2,0.0,False,0.0,0.01
H2AC12,0.0,False,0.0,0.01
MYLK2,0.0,False,0.0,0.01
USP17L5,0.0,False,0.0,0.01
OR14C36,0.0,False,0.0,0.01
POTEA,0.0,False,0.0,0.01
RAD51AP2,0.0,False,0.0,0.01
PLAC1,0.0,False,0.0,0.01
PPP1R36,0.0,False,0.0,0.01
EMILIN3,0.0,False,0.0,0.01
CLEC2A,0.0,False,0.0,0.01
TUBB8,0.0,False,0.0,0.01
NAPRT,0.0,False,0.0,0.01
LIN28A,0.0,False,0.0,0.01
USP17L7,0.0,False,0.0,0.01
M1AP,0.0,False,0.0,0.01
NPVF,0.0,False,0.0,0.01
OR4C45,0.0,False,0.0,0.01
USP17L12,0.0,False,0.0,0.01
KLRC2,0.0,False,0.0,0.01
TEX13B,0.0,False,0.0,0.01
PRAMEF18,0.0,False,0.0,0.01
LRRC3,0.0,False,0.0,0.01
NRN1,0.0,False,0.0,0.01
SPATA31F3,0.0,False,0.0,0.01
KRT35,0.0,False,0.0,0.01
SLITRK4,0.0,False,0.0,0.01
BTNL2,0.0,False,0.0,0.01
AIRE,0.0,False,0.0,0.01
CCL1,0.0,False,0.0,0.01
CERS3,0.0,False,0.0,0.01
CT47A7,0.0,False,0.0,0.01
EBLN1,0.0,False,0.0,0.01
PGAM4,0.0,False,0.0,0.01
MARCHF11,0.0,False,0.0,0.01
OR2F2,0.0,False,0.0,0.01
CELA2A,0.0,False,0.0,0.01
ADAMTS18,0.0,False,0.0,0.01
CYP7A1,0.0,False,0.0,0.01
CRYBA1,0.0,False,0.0,0.01
HBG1,0.0,False,0.0,0.01
PNPLA3,0.0,False,0.0,0.01
TAS1R2,0.0,False,0.0,0.01
CFAP99,0.0,False,0.0,0.01
PTF1A,0.0,False,0.0,0.01
MAPK12,0.0,False,0.0,0.01
SPAG11A,0.0,False,0.0,0.01
FAM90A15,0.0,False,0.0,0.01
FAM24A,0.0,False,0.0,0.01
KRTAP10-4,0.0,False,0.0,0.01
USP17L3,0.0,False,0.0,0.01
DRC1,0.0,False,0.0,0.01
PPP3R2,0.0,False,0.0,0.01
OR10P1,0.0,False,0.0,0.01
TUNAR,0.0,False,0.0,0.01
C14orf39,0.0,False,0.0,0.01
SIGLEC15,0.0,False,0.0,0.01
CLPTM1L,0.0,False,0.0,0.01
FCAR,0.0,False,0.0,0.01
OR2T35,0.0,False,0.0,0.01
PKD2L2,0.0,False,0.0,0.01
C20orf173,0.0,False,0.0,0.01
B3GNT9,0.0,False,0.0,0.01
UTF1,0.0,False,0.0,0.01
RNF113B,0.0,False,0.0,0.01
CST3,0.0,False,0.0,0.01
BHLHE23,0.0,False,0.0,0.01
OR7D2,0.0,False,0.0,0.01
FOXD4L3,0.0,False,0.0,0.01
ACOT1,0.0,False,0.0,0.01
TNFRSF17,0.0,False,0.0,0.01
CDKN2A,0.0,False,0.0,0.01
FAM186A,0.0,False,0.0,0.01
ASMT,0.0,False,0.0,0.01
TH,0.0,False,0.0,0.01
FER1L6,0.0,False,0.0,0.01
MANEAL,0.0,False,0.0,0.01
CT45A10,0.0,False,0.0,0.01
KDM4F,0.0,False,0.0,0.01
IFNK,0.0,False,0.0,0.01
RBM46,0.0,False,0.0,0.01
FSIP2,0.0,False,0.0,0.01
ZNF672,0.0,False,0.0,0.01
OR14K1,0.0,False,0.0,0.01
LMX1A,0.0,False,0.0,0.01
RNF151,0.0,False,0.0,0.01
CIMIP7,0.0,False,0.0,0.01
H1-6,0.0,False,0.0,0.01
ZNF804A,0.0,False,0.0,0.01
KRT40,0.0,False,0.0,0.01
FABP9,0.0,False,0.0,0.01
RBMY1D,0.0,False,0.0,0.01
C20orf144,0.0,False,0.0,0.01
TSPEAR,0.0,False,0.0,0.01
OR4F17,0.0,False,0.0,0.01
BRS3,0.0,False,0.0,0.01
OR5D3,0.0,False,0.0,0.01
ZNF727,0.0,False,0.0,0.01
CCL13,0.0,False,0.0,0.01
ELAPOR2,0.0,False,0.0,0.01
KCNV2,0.0,False,0.0,0.01
CDRT15L2,0.0,False,0.0,0.01
LRRN4,0.0,False,0.0,0.01
NRTN,0.0,False,0.0,0.01
OR5B21,0.0,False,0.0,0.01
OR52E5,0.0,False,0.0,0.01
EPOP,0.0,False,0.0,0.01
MOV10L1,0.0,False,0.0,0.01
KLF1,0.0,False,0.0,0.01
TSHB,0.0,False,0.0,0.01
KRTAP19-1,0.0,False,0.0,0.01
CACNA2D3,0.0,False,0.0,0.01
GOLGA6L7,0.0,False,0.0,0.01
DUXA,0.0,False,0.0,0.01
MYL11,0.0,False,0.0,0.01
GPR45,0.0,False,0.0,0.01
DCAF8L1,0.0,False,0.0,0.01
ARMS2,0.0,False,0.0,0.01
ZNF723,0.0,False,0.0,0.01
LUZP4,0.0,False,0.0,0.01
GP9,0.0,False,0.0,0.01
KBTBD3,0.0,False,0.0,0.01
MTMR7,0.0,False,0.0,0.01
THEM5,0.0,False,0.0,0.01
LCE1C,0.0,False,0.0,0.01
TAS2R46,0.0,False,0.0,0.01
EBPL,0.0,False,0.0,0.01
IGFL1,0.0,False,0.0,0.01
LBX1,0.0,False,0.0,0.01
OR4F6,0.0,False,0.0,0.01
ADH4,0.0,False,0.0,0.01
PLCXD2,0.0,False,0.0,0.01
AADACL4,0.0,False,0.0,0.01
CNTNAP3,0.0,False,0.0,0.01
P2RX3,0.0,False,0.0,0.01
OR2J3,0.0,False,0.0,0.01
TSGA10IP,0.0,False,0.0,0.01
STK39,0.0,False,0.0,0.01
IFNA8,0.2,False,0.0,0.0
KRTAP13-3,0.16,False,0.0,0.0
SMIM35,0.12,False,0.0,0.0
C1orf185,0.12,False,0.0,0.0
BSX,0.08,False,0.0,0.0
LY6G6F,0.08,False,0.0,0.0
MIXL1,0.08,False,0.0,0.0
OXCT2,0.08,False,0.0,0.0
CD200R1L,0.08,False,0.0,0.0
SPATC1L,0.08,False,0.0,0.0
IQCF2,0.08,False,0.0,0.0
LAIR2,0.08,False,0.0,0.0
OR8H3,0.08,False,0.0,0.0
GNAT2,0.08,False,0.0,0.0
MDGA2,0.08,False,0.0,0.0
TRIM64C,0.08,False,0.0,0.0
CGA,0.08,False,0.0,0.0
GOLGA8K,0.08,False,0.0,0.0
IL17F,0.08,False,0.0,0.0
FAM9B,0.08,False,0.0,0.0
SCN10A,0.08,False,0.0,0.0
UBE2NL,0.08,False,0.0,0.0
IFNA17,0.08,False,0.0,0.0
OR52E2,0.08,False,0.0,0.0
DPPA4,0.08,False,0.0,0.0
H3C13,0.08,False,0.0,0.0
DEFB116,0.08,False,0.0,0.0
GOLGA8J,0.08,False,0.0,0.0
OR11H1,0.08,False,0.0,0.0
FAM3B,0.04,False,0.0,0.0
RGPD4,0.04,False,0.0,0.0
KRTAP22-2,0.04,False,0.0,0.0
GRM6,0.04,False,0.0,0.0
CCDC60,0.04,False,0.0,0.0
POU5F2,0.04,False,0.0,0.0
CCDC190,0.04,False,0.0,0.0
NKX1-2,0.04,False,0.0,0.0
HAO2,0.04,False,0.0,0.0
GALNT13,0.04,False,0.0,0.0
PRSS57,0.04,False,0.0,0.0
GAGE2E,0.04,False,0.0,0.0
ACTL7A,0.04,False,0.0,0.0
IFNA16,0.04,False,0.0,0.0
SPTA1,0.04,False,0.0,0.0
SPACA5B,0.04,False,0.0,0.0
MROH2B,0.04,False,0.0,0.0
OR4N4C,0.04,False,0.0,0.0
ACTL7B,0.04,False,0.0,0.0
NAT8B,0.04,False,0.0,0.0
SPANXN1,0.04,False,0.0,0.0
TBC1D3G,0.04,False,0.0,0.0
BLK,0.04,False,0.0,0.0
ZFR2,0.04,False,0.0,0.0
OR5K2,0.04,False,0.0,0.0
AKR1E2,0.04,False,0.0,0.0
VIPR2,0.04,False,0.0,0.0
ENAM,0.04,False,0.0,0.0
CFHR3,0.04,False,0.0,0.0
RNASE13,0.04,False,0.0,0.0
INSL4,0.04,False,0.0,0.0
H4C1,0.04,False,0.0,0.0
RIMBP3B,0.04,False,0.0,0.0
ZNF157,0.04,False,0.0,0.0
DEFA3,0.04,False,0.0,0.0
FBXO39,0.04,False,0.0,0.0
SUPT20HL1,0.04,False,0.0,0.0
XAGE5,0.04,False,0.0,0.0
OR4C15,0.04,False,0.0,0.0
DEFB130A,0.04,False,0.0,0.0
DEFB130B,0.04,False,0.0,0.0
VSX1,0.04,False,0.0,0.0
MOBP,0.04,False,0.0,0.0
SPINT4,0.04,False,0.0,0.0
ASB18,0.04,False,0.0,0.0
ANKRD55,0.04,False,0.0,0.0
PHOSPHO1,0.04,False,0.0,0.0
MALRD1,0.04,False,0.0,0.0
KRTAP19-3,0.04,False,0.0,0.0
TTC16,0.04,False,0.0,0.0
VCX2,0.04,False,0.0,0.0
CTAGE15,0.04,False,0.0,0.0
FGF10,0.04,False,0.0,0.0
PRH2,0.04,False,0.0,0.0
TSACC,0.04,False,0.0,0.0
ALPK3,0.04,False,0.0,0.0
MUCL3,0.04,False,0.0,0.0
SMN2,0.04,False,0.0,0.0
TNFRSF18,0.04,False,0.0,0.0
GP6,0.04,False,0.0,0.0
TMEM114,0.04,False,0.0,0.0
NPC1L1,0.04,False,0.0,0.0
MAGEB6,0.04,False,0.0,0.0
H3C11,0.04,False,0.0,0.0
CHRNA1,0.04,False,0.0,0.0
LEUTX,0.04,False,0.0,0.0
GARIN5B,0.04,False,0.0,0.0
S100Z,0.04,False,0.0,0.0
KRTAP1-4,0.04,False,0.0,0.0
ANGPTL5,0.04,False,0.0,0.0
GPR101,0.04,False,0.0,0.0
OR7C2,0.04,False,0.0,0.0
OR51A7,0.04,False,0.0,0.0
CLEC20A,0.04,False,0.0,0.0
TAS2R9,0.04,False,0.0,0.0
OR4D2,0.04,False,0.0,0.0
CHAD,0.04,False,0.0,0.0
ZP3,0.04,False,0.0,0.0
CLEC9A,0.04,False,0.0,0.0
HBD,0.04,False,0.0,0.0
C9orf153,0.04,False,0.0,0.0
NKD2,0.04,False,0.0,0.0
DEFB126,0.04,False,0.0,0.0
MT1H,0.04,False,0.0,0.0
DRC11L,0.04,False,0.0,0.0
OTOR,0.04,False,0.0,0.0
KLRF1,0.04,False,0.0,0.0
OR4K17,0.04,False,0.0,0.0
CEP126,0.04,False,0.0,0.0
DEFB136,0.04,False,0.0,0.0
RETN,0.04,False,0.0,0.0
ERAP2,0.04,False,0.0,0.0
IMPG1,0.04,False,0.0,0.0
FFAR3,0.04,False,0.0,0.0
ZNF534,0.04,False,0.0,0.0
LRRC72,0.04,False,0.0,0.0
PCP4L1,0.04,False,0.0,0.0
GPX6,0.04,False,0.0,0.0
SLC5A7,0.04,False,0.0,0.0
OR9I1,0.04,False,0.0,0.0
POM121L12,0.04,False,0.0,0.0
OR4X2,0.04,False,0.0,0.0
TRIML2,0.04,False,0.0,0.0
SCGB1C2,0.04,False,0.0,0.0
RNF17,0.04,False,0.0,0.0
MROH7,0.04,False,0.0,0.0
TAFA4,0.04,False,0.0,0.0
SLC25A27,0.04,False,0.0,0.0
TCF24,0.04,False,0.0,0.0
TEKT4,0.04,False,0.0,0.0
GPHN,0.04,False,0.0,0.0
PRICKLE4,0.04,False,0.0,0.0
OR1D2,0.04,False,0.0,0.0
SPATA31A1,0.04,False,0.0,0.0
WDR38,0.04,False,0.0,0.0
PNLDC1,0.04,False,0.0,0.0
EPGN,0.04,False,0.0,0.0
C5orf58,0.04,False,0.0,0.0
NUTM2F,0.04,False,0.0,0.0
PRKACG,0.04,False,0.0,0.0
MRAP,0.04,False,0.0,0.0
CDY1B,0.04,False,0.0,0.0
C22orf42,0.04,False,0.0,0.0
GRM5,0.04,False,0.0,0.0
KRTAP4-3,0.04,False,0.0,0.0
ELANE,0.04,False,0.0,0.0
OR8J3,0.04,False,0.0,0.0
ODAD2,0.04,False,0.0,0.0
OR51G1,0.04,False,0.0,0.0
RTP5,0.04,False,0.0,0.0
G6PC2,0.04,False,0.0,0.0
KRTAP21-3,0.04,False,0.0,0.0
MAGEA8,0.04,False,0.0,0.0
ERFL,0.04,False,0.0,0.0
ZC3H11D,0.04,False,0.0,0.0
GRXCR1,0.04,False,0.0,0.0
GUCA1C,0.04,False,0.0,0.0
WNT4,0.04,False,0.0,0.0
HS1BP3,0.04,False,0.0,0.0
ZNRF4,0.04,False,0.0,0.0
GIMD1,0.04,False,0.0,0.0
OR8D2,0.04,False,0.0,0.0
KRTAP13-1,0.04,False,0.0,0.0
OR8U1,0.04,False,0.0,0.0
H1-7,0.04,False,0.0,0.0
GTSF1L,0.04,False,0.0,0.0
SLC38A8,0.04,False,0.0,0.0
AMY1A,0.04,False,0.0,0.0
TSEN2,0.04,False,0.0,0.0
SKIC2,0.04,False,0.0,0.0
GSTA1,0.04,False,0.0,0.0
CHCHD4,0.04,False,0.0,0.0
KCNJ13,0.04,False,0.0,0.0
OR2A2,0.04,False,0.0,0.0
TAS2R19,0.04,False,0.0,0.0
HEMGN,0.04,False,0.0,0.0
NTN3,0.04,False,0.0,0.0
CHRNE,0.04,False,0.0,0.0
OR2A25,0.04,False,0.0,0.0
ACP4,0.04,False,0.0,0.0
CES5A,0.04,False,0.0,0.0
ZNF705B,0.04,False,0.0,0.0
FOXL2,0.04,False,0.0,0.0
RNF212B,0.04,False,0.0,0.0
WFDC6,0.04,False,0.0,0.0
C16orf78,0.04,False,0.0,0.0
GPR21,0.04,False,0.0,0.0
KBTBD13,0.04,False,0.0,0.0
HEATR4,0.04,False,0.0,0.0
CLEC4G,0.04,False,0.0,0.0
KRT72,0.04,False,0.0,0.0
SFRP5,0.04,False,0.0,0.0
OR51J1,0.04,False,0.0,0.0
RP1,0.04,False,0.0,0.0
AGRP,0.04,False,0.0,0.0
LPCAT1,0.04,False,0.0,0.0
GRXCR2,0.04,False,0.0,0.0
ALDH4A1,0.04,False,0.0,0.0
ARMH2,0.04,False,0.0,0.0
DNAJC15,0.04,False,0.0,0.0
OR2AJ1,0.04,False,0.0,0.0
DDX19B,0.04,False,0.0,0.0
BCL2L1,0.04,False,0.0,0.0
SHCBP1L,0.04,False,0.0,0.0
KRT85,0.04,False,0.0,0.0
OR5B2,0.04,False,0.0,0.0
OR56B4,0.04,False,0.0,0.0
KRT2,0.04,False,0.0,0.0
GOLGA6L24,0.04,False,0.0,0.0
MTAP,0.04,False,0.0,0.0
RIMS4,0.04,False,0.0,0.0
SAA4,0.04,False,0.0,0.0
CDA,0.04,False,0.0,0.0
ALG1L2,0.04,False,0.0,0.0
OR1Q1,0.04,False,0.0,0.0
GOLGA6L22,0.04,False,0.0,0.0
OR2K2,0.04,False,0.0,0.0
OR6C68,0.04,False,0.0,0.0
OR1N1,0.04,False,0.0,0.0
TBC1D3F,0.04,False,0.0,0.0
OR1B1,0.04,False,0.0,0.0
DEFB127,0.04,False,0.0,0.0
AVP,0.04,False,0.0,0.0
OR2A4,0.04,False,0.0,0.0
LRRC71,0.04,False,0.0,0.0
ULK4,0.04,False,0.0,0.0
SLC47A2,0.04,False,0.0,0.0
ZSCAN5B,0.04,False,0.0,0.0
GAGE1,0.04,False,0.0,0.0
MS4A13,0.04,False,0.0,0.0
PRB1,0.04,False,0.0,0.0
PNMA5,0.04,False,0.0,0.0
MYH4,0.04,False,0.0,0.0
CLEC2L,0.04,False,0.0,0.0
SERPINA4,0.04,False,0.0,0.0
GFY,0.04,False,0.0,0.0
OR4A8,0.04,False,0.0,0.0
MEIKIN,0.04,False,0.0,0.0
PON1,0.04,False,0.0,0.0
OR4E2,0.04,False,0.0,0.0
OR5D18,0.04,False,0.0,0.0
SYCE3,0.04,False,0.0,0.0
OR5K3,0.04,False,0.0,0.0
PRAMEF1,0.04,False,0.0,0.0
PMFBP1,0.04,False,0.0,0.0
KRTAP19-4,0.04,False,0.0,0.0
PTPRR,0.04,False,0.0,0.0
LIPN,0.04,False,0.0,0.0
TMEM239,0.04,False,0.0,0.0
OR5K4,0.04,False,0.0,0.0
TMEM269,0.04,False,0.0,0.0
YBEY,0.04,False,0.0,0.0
TEKTIP1,0.04,False,0.0,0.0
OR2L3,0.04,False,0.0,0.0
KRTAP20-4,0.04,False,0.0,0.0
CDKN2B,0.04,False,0.0,0.0
SHISAL2A,0.04,False,0.0,0.0
MYMK,0.04,False,0.0,0.0
ODF4,0.04,False,0.0,0.0
CCDC33,0.04,False,0.0,0.0
HTR3E,0.04,False,0.0,0.0
NPIPA2,0.04,False,0.0,0.0
DKKL1,0.04,False,0.0,0.0
FBLN7,0.04,False,0.0,0.0
GDF2,0.04,False,0.0,0.0
OR5C1,0.04,False,0.0,0.0
C21orf140,0.04,False,0.0,0.0
SHOX,0.04,False,0.0,0.0
OR6C3,0.04,False,0.0,0.0
OR12D1,0.04,False,0.0,0.0
NPY2R,0.04,False,0.0,0.0
HTR1D,0.04,False,0.0,0.0
PPDPFL,0.04,False,0.0,0.0
PSG4,0.04,False,0.0,0.0
SPMIP9,0.04,False,0.0,0.0
PLAC8L1,0.04,False,0.0,0.0
TBC1D28,0.04,False,0.0,0.0
ASB11,0.04,False,0.0,0.0
ZNG1C,0.04,False,0.0,0.0
H3C1,0.04,False,0.0,0.0
NOS2,0.04,False,0.0,0.0
APCDD1L,0.04,False,0.0,0.0
WNT8B,0.04,False,0.0,0.0
PROKR2,0.04,False,0.0,0.0
KRTAP5-4,0.04,False,0.0,0.0
APOA5,0.04,False,0.0,0.0
IQCM,0.04,False,0.0,0.0
OR5D13,0.04,False,0.0,0.0
CYP2F1,0.04,False,0.0,0.0
ZIC1,0.04,False,0.0,0.0
ZIM2,0.04,False,0.0,0.0
VSIG1,0.04,False,0.0,0.0
ACTL8,0.04,False,0.0,0.0
AWAT2,0.04,False,0.0,0.0
OR2T4,0.04,False,0.0,0.0
CCDC197,0.04,False,0.0,0.0
ADAM32,0.04,False,0.0,0.0
RBP2,0.04,False,0.0,0.0
KRTAP1-3,0.04,False,0.0,0.0
C3orf49,0.04,False,0.0,0.0
CDKN2C,0.04,False,0.0,0.0
GPR82,0.04,False,0.0,0.0
CPLX3,0.04,False,0.0,0.0
SYCE1,0.04,False,0.0,0.0
ZNF426,0.04,False,0.0,0.0
PRG3,0.04,False,0.0,0.0
PTTG1IP2,0.04,False,0.0,0.0
AKAP4,0.04,False,0.0,0.0
LIAT1,0.04,False,0.0,0.0
CLTCL1,0.04,False,0.0,0.0
OR11H12,0.04,False,0.0,0.0
C13orf42,0.04,False,0.0,0.0
MAK,0.04,False,0.0,0.0
SMIM34,0.04,False,0.0,0.0
TCP11,0.04,False,0.0,0.0
LRRC10,0.04,False,0.0,0.0
NPIPB9,0.04,False,0.0,0.0
ECEL1,0.04,False,0.0,0.0
LCN9,0.04,False,0.0,0.0
OR4D9,0.04,False,0.0,0.0
LRRC38,0.04,False,0.0,0.0
MCOLN2,0.04,False,0.0,0.0
FAM151B,0.04,False,0.0,0.0
COL9A3,0.04,False,0.0,0.0
CHRM5,0.04,False,0.0,0.0
ZNF92,0.04,False,0.0,0.0
TRPV1,0.04,False,0.0,0.0
SLC22A13,0.04,False,0.0,0.0
OR6Y1,0.04,False,0.0,0.0
CAGE1,0.04,False,0.0,0.0
