gene_set,AUROC,within_AUROC
telomere panel,0.8922527464014007,0.7112888363710187
random_0,0.8850721490660133,0.6830424033512053
random_1,0.87967784706036,0.6755180991271249
random_2,0.8900962430247049,0.694677372964904
random_3,0.8791593344445109,0.6793251481449267
random_4,0.8861759113537109,0.6993691545595957
random_5,0.8819434760377446,0.6807573367984372
random_6,0.8793142795164829,0.6828929501242084
random_7,0.882462320678748,0.6857611420555458
random_8,0.881823836307172,0.6786948533405068
random_9,0.8774094512066901,0.668449523675421
random_10,0.8818096699005916,0.67330486013088
random_11,0.8791335471575327,0.6652782022985461
random_12,0.8773326427210125,0.675535350066315
random_13,0.8829518364311281,0.6936279884611604
random_14,0.8853441883423755,0.6988244273353927
random_15,0.8904898035075137,0.7207073090119012
random_16,0.8779040580114349,0.6722766556242081
random_17,0.8830313011180394,0.6864871145787758
random_18,0.8826098505222756,0.692606892744233
random_19,0.8866591186281606,0.6902476203864301
random_20,0.8779959183041041,0.6631436882946851
random_21,0.8802238070889584,0.6818291058867578
random_22,0.885479765280351,0.6992426907241257
random_23,0.8870324255765617,0.6991954269695364
random_24,0.8836719989906435,0.6888697438794587
random_25,0.8885500018814759,0.6977232842616927
random_26,0.8860811735097051,0.703395303425015
random_27,0.8806621909675877,0.6795296291534086
random_28,0.8755797712568038,0.6484139142690105
random_29,0.8851783971153655,0.7016891776477638
random_30,0.8864673187640696,0.7009826185711695
random_31,0.875739143330832,0.6489384767599102
random_32,0.8767900029439564,0.65225778657541
random_33,0.8804716085290621,0.6791883656642376
random_34,0.8864019098086872,0.6927351700843547
random_35,0.8854384834861756,0.6875956269206247
random_36,0.8807590316375702,0.6758627969268951
random_37,0.8823946982223373,0.6805355294411781
random_38,0.8781235266383781,0.6656629231861534
random_39,0.8919403107312743,0.7176001592467326
random_40,0.881638012895857,0.6893340461981079
random_41,0.8852814355882268,0.6924776529780976
random_42,0.8850316419971977,0.6920347343097321
random_43,0.8817605301777662,0.6729444762543847
random_44,0.8768586214758297,0.6668043376013922
random_45,0.8888586745998543,0.7090650702311542
random_46,0.8822276895697618,0.6803171404028507
random_47,0.8800356595015638,0.6658831186989175
random_48,0.8797549875711917,0.6652645666049058
random_49,0.8783894787869129,0.6695486709381223
random_50,0.8786398257531991,0.6729514475343681
random_51,0.875945552301709,0.6583378742622404
random_52,0.8833366535848756,0.6833936441101827
random_53,0.8835290068242236,0.6817355890350827
random_54,0.8787314646957654,0.6587916135238154
random_55,0.8882095654233432,0.7099143104975397
random_56,0.8820637798186257,0.6890888276215821
random_57,0.8787290298446344,0.66311396374391
random_58,0.8806331941041187,0.6691194212853859
random_59,0.8793604310129202,0.680445725728848
random_60,0.8853651059270917,0.6959328114135186
random_61,0.8781550690280295,0.6667228705895786
random_62,0.884749199266003,0.694763689948587
random_63,0.8769119668506086,0.6714674105839645
random_64,0.8796691037312987,0.6746506594580531
random_65,0.8785703218209144,0.6683685352012464
random_66,0.879836887109234,0.6813680628034523
random_67,0.8923405117171677,0.7150970819781174
random_68,0.8874090527765051,0.7052092232991335
random_69,0.8817970529447311,0.684837576951288
random_70,0.8778042291150644,0.6625669857875147
random_71,0.8753407131457612,0.6593364645739117
random_72,0.884132628554606,0.686811048066148
random_73,0.8825842845854002,0.696609727242626
random_74,0.8822542515820999,0.6829479908937561
random_75,0.879427832119228,0.6752899405915286
random_76,0.8799788832001912,0.6705315085982453
random_77,0.883212144152041,0.6917559546615232
random_78,0.8764013121634096,0.6555915270079018
random_79,0.8791552394676088,0.6668683921566415
random_80,0.8731615213835267,0.6327812763372916
random_81,0.8803194303333753,0.6780304691219049
random_82,0.8841512219632426,0.6888120225184101
random_83,0.8729927419301287,0.6422868614622899
random_84,0.8830859745934352,0.6968307485701586
random_85,0.8817979383451423,0.6784086028301002
random_86,0.8829345711231082,0.6910245478101771
random_87,0.8781746585121288,0.6632643733829342
random_88,0.8833006841931678,0.6906966501188804
random_89,0.8799210001483045,0.6697341467998421
random_90,0.8791896594085968,0.6631489518972423
random_91,0.8821850796749695,0.6770888500210697
random_92,0.8858615942077105,0.6847838876216407
random_93,0.8762188090036368,0.6538890185958756
random_94,0.8862221735251996,0.6880007432168724
random_95,0.8806918518813652,0.6778210494031067
random_96,0.8815819006447928,0.6874474589201269
random_97,0.884843715759906,0.6952171744662712
random_98,0.8884783951232146,0.7038397499803478
random_99,0.8824132916309739,0.6755996239752045
random_100,0.8796271578868149,0.6670619429202371
random_101,0.8801847387958112,0.6759166514579812
random_102,0.8778751718230173,0.6688168339722278
random_103,0.8797581971476826,0.67532973989781
random_104,0.8830439180738999,0.6823216726386038
random_105,0.8840205147275291,0.6890934224345164
random_106,0.8788929395957704,0.6543021785908814
random_107,0.8854016286940565,0.7048731153235529
random_108,0.8804188165295402,0.6771050101807099
random_109,0.8856865062763821,0.7024883814061952
random_110,0.8901485923240211,0.7171501125434674
random_111,0.8860220730322529,0.7073010308699643
random_112,0.8795339694935288,0.6739928722538395
random_113,0.8778673138943673,0.6550745182756313
random_114,0.8857244678190153,0.6830617148920338
random_115,0.8773681694125147,0.6654140391712956
random_116,0.8888129658036226,0.7027632944721307
random_117,0.8788279733405936,0.6750529254026171
random_118,0.8819553182682454,0.6904749454102924
random_119,0.8784129418978115,0.6649980292226603
random_120,0.8790879490363523,0.6803588887954193
random_121,0.8835036622374511,0.6849662891222853
random_122,0.8845612730287113,0.6980644629637096
random_123,0.8857830149212105,0.7069373837561765
random_124,0.8828652885409265,0.6851658689697998
random_125,0.8874390457154367,0.7049456583730075
random_126,0.8833885601839863,0.6969870774134499
random_127,0.88223776099944,0.6861680000375099
random_128,0.874303134538806,0.6445135110321616
random_129,0.8901799133635697,0.7184398646892838
random_130,0.883836019416831,0.6974705826567705
random_131,0.8901934157198416,0.7048251635504822
random_132,0.8776352283115636,0.6669493164584333
random_133,0.8861381711611805,0.7002613246210536
random_134,0.8789019042749345,0.6810573851653903
random_135,0.8846627620508529,0.6968758106090642
random_136,0.8822696354142456,0.684534664315986
random_137,0.8806431548587454,0.6844415349982637
random_138,0.881418876294068,0.6834790613881323
random_139,0.8886382098974485,0.7097500245497588
random_140,0.8869276163028778,0.7030451647400402
random_141,0.8806102843684771,0.6778376810424597
random_142,0.8852159159577929,0.6884578316917427
random_143,0.8818665568770157,0.6848253009889503
random_144,0.8808544335318844,0.6869705622863003
random_145,0.8754290318367853,0.6488438858663061
random_146,0.8798863588572137,0.6680810789143784
random_147,0.881812215426774,0.690828253419683
random_148,0.8859170424084662,0.6939235082621888
random_149,0.8843825328206865,0.6952080161695513
random_150,0.8759933639239176,0.6482170883750122
random_151,0.8844553570045133,0.6854548842179735
random_152,0.8834416842086623,0.6813090547006627
random_153,0.8821712452935434,0.6874295570750829
random_154,0.8890259046025327,0.7093558939210655
random_155,0.8808388283496358,0.6680726307699831
random_156,0.8787552598318182,0.6713562040226185
random_157,0.8825096896007508,0.6881976361541547
random_158,0.8810561941506022,0.6775584600246473
random_159,0.8793406201787181,0.6633293277225352
random_160,0.880635186255044,0.689353416155184
random_161,0.8752739760897619,0.6518318831653583
random_162,0.8813214822488286,0.6862068347545233
random_163,0.8840534958928489,0.6957003716757668
random_164,0.873636760054275,0.6393787382454147
random_165,0.8788227716131775,0.6847103274754951
random_166,0.8778376529805898,0.664567273323936
random_167,0.8848190352234419,0.6872068689865091
random_168,0.8836628129613766,0.6839663524788625
random_169,0.8845487667479022,0.6911567606680394
random_170,0.8765200664935708,0.663694962890123
random_171,0.8772841670484955,0.6616536064884259
random_172,0.8821047295876469,0.6858299067733994
random_173,0.8839235633824952,0.6852104922560275
random_174,0.8818489595438417,0.6847626940066973
random_175,0.8781803029397507,0.6677679038451256
random_176,0.8803120151049311,0.6742412765814906
random_177,0.8781905957195317,0.6686574259746882
random_178,0.8743412067564905,0.6601195350017869
random_179,0.8758673050403631,0.6665144086587893
random_180,0.8812053841199009,0.6724579981375335
random_181,0.8819310804319869,0.6881088022486718
random_182,0.8838019315009972,0.6919431107207348
random_183,0.8879087506336146,0.7110388891742518
random_184,0.8812174477005045,0.6864618062358584
random_185,0.8828207971702603,0.6912534575134126
random_186,0.8835551261363561,0.695509489971356
random_187,0.8823518669774422,0.6842441622531203
random_188,0.8841417039088215,0.693848924928765
random_189,0.8811351054622565,0.6744332688790672
random_190,0.8840249417295855,0.6846012881874122
random_191,0.878648458407209,0.6651828033787193
random_192,0.8809830379416211,0.682715685057562
random_193,0.8791205981765179,0.6779673413431802
random_194,0.8751768033946252,0.6672127706368619
random_195,0.8789031217005,0.6705322996554576
random_196,0.8856712331192877,0.6839579502437831
random_197,0.8817814477624825,0.6774949928125249
random_198,0.8792720016468447,0.6664652444084586
random_199,0.879895655561532,0.667117271210824
random_200,0.8862508383635144,0.7096098217562397
random_201,0.8801637105360436,0.6818889478915089
random_202,0.872586232466305,0.644044495034479
random_203,0.8834241975505398,0.689938806552348
random_204,0.8840176371761924,0.6966716368567656
random_205,0.8820665466949109,0.672236265221336
random_206,0.8876235410261348,0.6999094769139104
random_207,0.8792314945780292,0.6670752229685087
random_208,0.8841697046968279,0.6726127255899773
random_209,0.8796719812826354,0.661976661720334
random_210,0.8822370969491315,0.6907413533115963
random_211,0.8798543737673566,0.6699588936504325
random_212,0.8778257000750377,0.6680629900290841
random_213,0.8747017860739796,0.6582515329066464
random_214,0.8772963413041506,0.660290691026816
random_215,0.8810870724899452,0.6817850776094617
random_216,0.8804459319171354,0.6741097872141318
random_217,0.8830638395831535,0.6950491262025736
random_218,0.8775289802622114,0.6749530157864686
random_219,0.8891103496667574,0.7122588779753609
random_220,0.8819714768257509,0.683145277100004
random_221,0.8758685224659287,0.6539922291784617
random_222,0.8782736020080881,0.6646243962598103
random_223,0.883220555455948,0.6899968876444423
random_224,0.8809997498743838,0.687895556861829
random_225,0.8762322006848572,0.6659102054012358
random_226,0.8873099986054943,0.6941797792788444
random_227,0.8790961389901566,0.6867823430080203
random_228,0.8830496731765732,0.6861207178922304
random_229,0.8826741527271439,0.6853112616741723
random_230,0.8843402549510484,0.6977287075723676
random_231,0.8801633785108893,0.6712163401824428
random_232,0.8847569465196017,0.6937965296730338
random_233,0.8824303355888908,0.6822920233904846
random_234,0.8885108229132772,0.7090405649588439
random_235,0.8804650787010291,0.6908989389776377
random_236,0.8815938535503449,0.688252555120687
random_237,0.8761638035030868,0.6587288056519918
random_238,0.8853852487864481,0.7006240904312822
random_239,0.8818259391331488,0.6869303741283974
random_240,0.8772387902774181,0.6595945708815092
random_241,0.8789096515285332,0.6692114841072163
random_242,0.8831875742906282,0.6892969178376427
random_243,0.8845426796200747,0.6905358370790727
random_244,0.880580180754494,0.6854579984351256
random_245,0.8787979804016619,0.6627667259923647
random_246,0.874750372421548,0.6644734759546851
random_247,0.8767104275819936,0.6639879806706646
random_248,0.8801084836853906,0.6857397833125374
random_249,0.8867945848910846,0.688388051183417
random_250,0.8852865266405916,0.6960296353940971
random_251,0.8791314443315559,0.6697239022656701
random_252,0.8775087267278036,0.6670960211827738
random_253,0.8795035338543915,0.6746180978812817
random_254,0.8834721198477997,0.6948669769352331
random_255,0.8819081706963453,0.6881413380273473
random_256,0.8769058797227811,0.650691655688266
random_257,0.8818142075776995,0.6843261527169773
random_258,0.8820535977138961,0.6777374381459679
random_259,0.8833045578199671,0.682475720308968
random_260,0.8802466061495485,0.6698972967076705
random_261,0.8786236671956934,0.6667082844864938
random_262,0.8787011397316794,0.6626762421207155
random_263,0.8785741954477138,0.6594148089529757
random_264,0.8820874642796271,0.6886235257851668
random_265,0.8755553120704425,0.6671529291895266
random_266,0.8802492623507824,0.6766073301233342
random_267,0.883137659842443,0.6872940804328717
random_268,0.8877782647480039,0.7009147949848457
random_269,0.8826758128529151,0.690411985128538
random_270,0.8792952434076405,0.67552304622863
random_271,0.8847627016222749,0.6983260801740203
random_272,0.8867453344932079,0.6982724915962263
random_273,0.880880331493914,0.6732365072874175
random_274,0.8800424106796998,0.6619312943176305
random_275,0.8834724518729539,0.6785423571537522
random_276,0.8773770234166274,0.6759490613421444
random_277,0.8755695891520742,0.6607139394016374
random_278,0.8791863391570546,0.6724646399168349
random_279,0.8769166152027678,0.6651665759221848
random_280,0.8845770995610628,0.6837328376680433
random_281,0.8761284981616874,0.6593401903538226
random_282,0.887767971968223,0.7018230012299929
random_283,0.8766350578719844,0.6736626129264777
random_284,0.8853206145564254,0.683907215148179
random_285,0.8815080803855033,0.6746558222116111
random_286,0.879595504822112,0.6814943782417986
random_287,0.8837281112417077,0.6876467225606958
random_288,0.8821146903422736,0.6945055471382229
random_289,0.8828934000039843,0.6953800768711044
random_290,0.8757539737877208,0.650648781503331
random_291,0.8823870616437901,0.6809142015720433
random_292,0.8836121237878315,0.6908472923897433
random_293,0.8813215929238799,0.6891141691001161
random_294,0.8793451578558258,0.6745642864958002
random_295,0.8799104860184207,0.6675272171409343
random_296,0.88302034428795,0.6969573205926275
random_297,0.8826046487948593,0.6891965712270158
random_298,0.8879728314883802,0.693709541068309
random_299,0.8817725937583698,0.6697161636906346
random_300,0.8859022119515775,0.6975845162517548
random_301,0.8810752302594445,0.6705128632589821
random_302,0.8832366033384023,0.6772544115765194
random_303,0.8820858041538561,0.6793398852252641
random_304,0.8828171448935638,0.6772650713790739
random_305,0.8804838934597685,0.6847217539341742
random_306,0.8812634885218904,0.6886996257827764
random_307,0.8752927908485013,0.6572726325676297
random_308,0.883300462843065,0.6795795460625684
random_309,0.8862015879656376,0.6863574026746497
random_310,0.8787006970314738,0.6615570647578316
random_311,0.8806341901795813,0.6651480811124336
random_312,0.8815056455343724,0.6874313142201487
random_313,0.8766274212934372,0.6658031775432388
random_314,0.8855718469231229,0.6911316137630955
random_315,0.8867835173859439,0.7032531487850303
random_316,0.8831517155739719,0.6922417281475166
random_317,0.883966837327596,0.6863941495693786
random_318,0.8833721802763778,0.688927280412192
random_319,0.87976428427551,0.6686701801442578
random_320,0.879548357250212,0.6573858159713375
random_321,0.8897429682606087,0.6954396707359096
random_322,0.8829357885486738,0.690394647410063
random_323,0.8813489296615779,0.676192551548564
random_324,0.8830348427196845,0.6859969520810782
random_325,0.8827590404915743,0.684583660230119
random_326,0.8766612878591682,0.6540419827357334
random_327,0.8840800579051868,0.6925194909202061
random_328,0.8756819243292538,0.6539851966082213
random_329,0.8780478249032146,0.6567898781782815
random_330,0.8754005883485733,0.6580591090685225
random_331,0.883757440130331,0.6922188550893064
random_332,0.8853097684013874,0.701586083834825
random_333,0.8820249328755814,0.6726518976380366
random_334,0.8777083845205446,0.670558668393376
random_335,0.8795087355818076,0.6632638711251995
random_336,0.8769593357726114,0.665058025708579
random_337,0.8890651942457827,0.70285683039301
random_338,0.8815491408295759,0.6804337622050236
random_339,0.88270370296587,0.6914235554658025
random_340,0.8838398930436303,0.6804945604389363
random_341,0.8787498367542992,0.6577886453386799
random_342,0.8808990355776021,0.6815720255597862
random_343,0.8865277473421387,0.7035556976552667
random_344,0.884705593295748,0.6957682572182599
random_345,0.8798369977842855,0.6768908892358364
random_346,0.881027972012493,0.6743058738976907
random_347,0.8803961281440015,0.6691838599017934
random_348,0.8900454431761083,0.706696224974994
random_349,0.8815796871437647,0.6883880903045815
random_350,0.8816768598389014,0.6775586695796152
random_351,0.8778120870437144,0.6663081274979248
random_352,0.8832173458794572,0.6845844891317138
random_353,0.8815728252905773,0.6759514532600691
random_354,0.8801517576304915,0.6706679926058972
random_355,0.8826209180274164,0.6931641339328292
random_356,0.8778218264482384,0.665896865436883
random_357,0.8806624123176905,0.6810326144324397
random_358,0.8769999535164784,0.6539335668879261
random_359,0.8791200448012608,0.6701660687909925
random_360,0.880207980556607,0.6824367757694408
random_361,0.8831802697372353,0.6727877478888481
random_362,0.8834987925351891,0.6839004345148662
random_363,0.8848292173281714,0.689791982330454
random_364,0.8877306744758983,0.7050644858208283
random_365,0.8839807823840734,0.6794467189996989
random_366,0.8822647657119836,0.6898499554913972
random_367,0.8875958722632826,0.696939437821831
random_368,0.8898651535173638,0.7118592624992993
random_369,0.8858444395747422,0.6919541620309383
random_370,0.8887031761526253,0.6974085607059191
random_371,0.8801735606156189,0.6695952440312122
random_372,0.8883261062524763,0.7112331041196315
random_373,0.8818859250110122,0.67537216599841
random_374,0.8877555763624653,0.7084930945121569
random_375,0.8758327744243237,0.6579898789757712
random_376,0.8836944660260795,0.6832096567934253
random_377,0.8894185796849302,0.7044057047726366
random_378,0.881412899841292,0.6796043421248742
random_379,0.8811328919612283,0.6865688248727849
random_380,0.8884646714168398,0.702830626606182
random_381,0.8736501517354954,0.6435099008720965
random_382,0.8779489920823068,0.6628215237100032
random_383,0.8870825613748498,0.6938882458264294
random_384,0.8786360628014511,0.6759012357970975
random_385,0.8792519694625398,0.6595878046765883
random_386,0.8859604270286183,0.7049516990831051
random_387,0.8793317661746054,0.6681337811612205
random_388,0.884787935533996,0.696329240941451
random_389,0.8806535583135778,0.6829990886540056
random_390,0.8825650271264551,0.6845724180051677
random_391,0.8842448530567343,0.6871274398007704
random_392,0.8834083710181884,0.6795409762339566
random_393,0.8787024678322963,0.6722800684239393
random_394,0.8881320928873572,0.7010168804190221
random_395,0.8762413867141241,0.661058024895146
random_396,0.8834549652148314,0.6754169684934285
random_397,0.8812920426851538,0.6822034616506591
random_398,0.8899710695415618,0.7105769946235146
random_399,0.8847966788630574,0.6962519956315617
random_400,0.8844422973484471,0.6912524716322472
random_401,0.8856623791151751,0.6968277672280185
random_402,0.8764691559699229,0.6633940806652586
random_403,0.8835443906563695,0.703370107700121
random_404,0.8791442826375193,0.6809591758530553
random_405,0.8865874011948478,0.7049783741302293
random_406,0.8769452800410826,0.6615891889682352
random_407,0.8782783610352987,0.6691885300040814
random_408,0.8838225170605591,0.6894354993999529
random_409,0.8863573077629695,0.6992007069105474
random_410,0.880766004165809,0.6839345397131353
random_411,0.882372673887107,0.6841513083214916
random_412,0.8838683365318423,0.6987316349301707
random_413,0.8869341461309109,0.690708013258915
random_414,0.8859769176112783,0.7013748322986167
random_415,0.886424376844123,0.6967276046807301
random_416,0.8779249755961511,0.6610438444416331
random_417,0.8827538387641581,0.6795292872607832
random_418,0.8796316955639226,0.6790224618478151
random_419,0.8849851584756061,0.6917553922815269
random_420,0.89096094720136,0.7127569536507844
random_421,0.8840357878846234,0.6926660510887576
random_422,0.8903687250012727,0.7046996273344732
random_423,0.8817879775905156,0.6895786140102304
random_424,0.8856816365741201,0.6912659667707849
random_425,0.8866756092108204,0.7005959892437298
random_426,0.888249629791953,0.709006443546629
random_427,0.8790653713258649,0.6572760708714638
random_428,0.8875999672401848,0.6972542639586308
random_429,0.8891398999054835,0.6981823540150163
random_430,0.8825283936844389,0.6764946768659941
random_431,0.883338092360544,0.6939323831824872
random_432,0.8852563123515571,0.6895444414195682
random_433,0.8901981747470522,0.7197240999995642
random_434,0.8801053847839513,0.6665697873084476
random_435,0.8902586033251212,0.7079239711755203
random_436,0.8810896180161276,0.6835828040695754
random_437,0.8856111365663729,0.6976786625146357
random_438,0.8875302419577974,0.693496109007298
random_439,0.8749404014848164,0.6548333837912794
random_440,0.8815770309425309,0.6900652108722526
random_441,0.889073937574844,0.710266660543258
random_442,0.8883500120635806,0.6998411081704324
random_443,0.8820160788714686,0.6878291764563642
random_444,0.8855701867973518,0.7010969139600476
random_445,0.8773190296896893,0.6605126238945074
random_446,0.876377627702408,0.6582623168332714
random_447,0.8898732327961166,0.7158418523000262
random_448,0.888360415518413,0.7109844633539764
random_449,0.8828848780250258,0.6885078637694125
random_450,0.8860227370825614,0.6902524348601893
random_451,0.8796242803354782,0.665828384824798
random_452,0.8879044343066097,0.6980855682208871
random_453,0.8831846967392917,0.6763924113662315
random_454,0.884273517895049,0.695747594365053
random_455,0.8867715644803917,0.7020849676377459
random_456,0.8810942663682867,0.6839155988626544
random_457,0.8868438352889615,0.7052250122310855
random_458,0.8820036832657109,0.6833707592457114
random_459,0.8808306383958315,0.6724442541888895
random_460,0.8850638484371576,0.6980704527292059
random_461,0.8760053168294697,0.6455955022187828
random_462,0.8846454967428332,0.7009463341410357
random_463,0.882939662175473,0.6841366920726244
random_464,0.8845342683161677,0.6829717294978496
random_465,0.8804139468272782,0.6745835512758155
random_466,0.8791187167006439,0.6695062894113464
random_467,0.878512217418925,0.6542978024217782
random_468,0.8777413656858644,0.6561549301481254
random_469,0.8809405387218803,0.670103044454109
random_470,0.8786736923189301,0.6693872659113761
random_471,0.8819519980167031,0.6833503909440062
random_472,0.8822110883120505,0.6862139655043312
random_473,0.8822390891000569,0.6793705459133048
random_474,0.8861912951858566,0.7047217006177546
random_475,0.87798695362494,0.6608264521875198
random_476,0.8788745675372366,0.6742410648355172
random_477,0.8883582020173848,0.7070657845445254
random_478,0.8903958403888679,0.7171635263449013
random_479,0.8840797258800327,0.6949346304410621
random_480,0.878482445830096,0.6708971575477588
random_481,0.8806165928464074,0.6699474994368502
random_482,0.8877507066602033,0.7022752237221211
random_483,0.8899529188331308,0.6991746194881664
random_484,0.8798087756461763,0.6612662641710125
random_485,0.8802585590551006,0.6797661323898184
random_486,0.8815853315713865,0.6820521306267661
random_487,0.8846054323742233,0.6997224167002282
random_488,0.8811013495715769,0.6853052847335278
random_489,0.8830441394240027,0.6836195807172143
random_490,0.8808888534728725,0.6825178433577529
random_491,0.8862878038306848,0.6899435777871514
random_492,0.8833551363184609,0.6902140761656694
random_493,0.8773015430315667,0.6665945441851685
random_494,0.8846291168352247,0.6940239959566212
random_495,0.8806958361832159,0.6813875303706249
random_496,0.8858472064510274,0.6880016083785091
random_497,0.886786284262229,0.7079258901457606
random_498,0.8810031808009775,0.6788891361401296
random_499,0.887553151693439,0.7088868645674362
random_500,0.8875045653458706,0.7074553798732658
random_501,0.8788538713026233,0.6736913520960166
random_502,0.8803797482363931,0.6907841177941679
random_503,0.8852337346410697,0.6958440536710239
random_504,0.8758262445962907,0.6704303009405009
random_505,0.8747184980067423,0.6596214683540204
random_506,0.8847496419662086,0.6877521202535738
random_507,0.8845038326770303,0.6887075958189661
random_508,0.882656002018713,0.6909540055712928
random_509,0.8806753612987053,0.6799105125034801
random_510,0.8848838908035673,0.6983898085947776
random_511,0.8801589515088329,0.6701334911536176
random_512,0.8755560867958023,0.6575958490129008
random_513,0.8801815292193204,0.6656356264077891
random_514,0.883908068875298,0.6887777703856163
random_515,0.8814236353212787,0.6681667923487679
random_516,0.8814355882268308,0.6859018392423974
random_517,0.8751887563001773,0.6611904659264596
random_518,0.8785639026679328,0.6748435189862984
random_519,0.8727689569761805,0.6516112211462918
random_520,0.8793038760616504,0.6673694756384669
random_521,0.8775504512221846,0.6679653818352941
random_522,0.8805716587755354,0.6896182470806727
random_523,0.8856786483477321,0.6922705390024914
random_524,0.8804108479258389,0.6750927469133493
random_525,0.8843304048714731,0.6914783328259548
random_526,0.8753917343444606,0.6597550240305932
random_527,0.8846931976899903,0.6953203867952013
random_528,0.8861669466745468,0.6961025594331922
random_529,0.8822391997751083,0.6851400849674776
random_530,0.8830521080277042,0.6868418382041287
random_531,0.8856736679704188,0.7006071062621814
random_532,0.8789577951758959,0.677510396113096
random_533,0.876291190487258,0.6626006735596536
random_534,0.8795289891162155,0.6660169773012841
random_535,0.8824153944569507,0.6825816330668862
random_536,0.879746908292439,0.6769597639019661
random_537,0.8810133629057071,0.6778456985755003
random_538,0.8754353403147156,0.6538606879685696
random_539,0.880879003393297,0.6853054552414509
random_540,0.8783828382838283,0.6665222987748778
random_541,0.8791510338156552,0.6667273438252749
random_542,0.8866456162718888,0.6974292110809656
random_543,0.8785811679759525,0.67457711507885
random_544,0.8873859216907606,0.7075228092346811
random_545,0.8857644215125738,0.6897891054060901
random_546,0.884761373521658,0.6961923732410349
random_547,0.8842638891655765,0.6892833511300448
random_548,0.877226283996609,0.6722630732276201
random_549,0.8779294025982075,0.6673213038268243
random_550,0.8838147698069606,0.6991404018148811
random_551,0.8756583505433039,0.6401510370340187
random_552,0.8769166152027678,0.6627045669555571
random_553,0.8820703096466588,0.6795154110054902
random_554,0.8875901171606094,0.7021872298304019
random_555,0.8820858041538561,0.6735263485282181
random_556,0.8826011071932143,0.683507188431386
random_557,0.8815802405190217,0.6832653821689514
random_558,0.8783290502088438,0.6677386510932104
random_559,0.8778141898696912,0.6617501576109629
random_560,0.8830257673654689,0.6941849451248814
random_561,0.8801346029975231,0.6806338693177804
random_562,0.874007853501648,0.6468525919799922
random_563,0.883080772866019,0.6828303580962274
random_564,0.8753745797114922,0.6633489554664131
random_565,0.8840476301151242,0.6863197158886479
random_566,0.8814010576107912,0.6792371581604872
random_567,0.8758075405126026,0.663515533121657
random_568,0.8839585366987402,0.6905322966089893
random_569,0.8773517895049062,0.6729220061010883
random_570,0.8817825545129966,0.6974264108113813
random_571,0.8782816812868409,0.6724776648737439
random_572,0.8795224592881823,0.6717745151645826
random_573,0.8860624694260171,0.7022888109464924
random_574,0.8815256777186773,0.6813914782574587
random_575,0.876218587653534,0.6566279669236158
random_576,0.8867241955583889,0.7090641391673519
random_577,0.8852740203597824,0.6959127551306431
random_578,0.8730724279671428,0.6401807026682014
random_579,0.8793381853275871,0.6660432599086996
random_580,0.8884858103516589,0.7079489230958261
random_581,0.8832309589107804,0.6851349039782765
random_582,0.8848711631726552,0.6844881292285904
random_583,0.8750428865824208,0.6447286699407669
random_584,0.8815293299953738,0.6779989409609369
random_585,0.8837630845579528,0.685496570036994
random_586,0.8810180112578663,0.6740851232921968
random_587,0.8842053420633814,0.6902610773286335
random_588,0.8821855223751751,0.678284855078216
random_589,0.8869028250913622,0.6982213494716516
random_590,0.8883845426796201,0.6987619797234598
random_591,0.8866377583432388,0.7050304897485002
random_592,0.8822040051087604,0.6885163072955238
random_593,0.8771941882317005,0.6727279653503118
random_594,0.8851407675978865,0.6886167119437331
random_595,0.8889984571897833,0.7172896138742598
random_596,0.8809990858240754,0.6852165564855807
random_597,0.8796698784566586,0.6781283354859284
random_598,0.8814915898028435,0.6821927840754457
random_599,0.880525728629201,0.6861506160459379
random_600,0.8772573836860548,0.6649860660075672
random_601,0.8718579906280366,0.6377338197224618
random_602,0.8875927733618433,0.7013801772329559
random_603,0.8836684573889985,0.6954403477076199
random_604,0.8739351399928725,0.6508308550758144
random_605,0.871875145261005,0.652275555911447
random_606,0.8800907756771653,0.6754702149828494
random_607,0.8830304157176281,0.6803306469825553
random_608,0.882839943954154,0.677129903981034
random_609,0.8817658425802338,0.6716821373980537
random_610,0.876764437007081,0.6575946885094957
random_611,0.8853634458013205,0.7064001892240186
random_612,0.8871425472527132,0.7013096027976192
random_613,0.889567216278972,0.7055059821903333
random_614,0.8869674593213849,0.6936672350981138
random_615,0.8815571094332774,0.6798106359793665
random_616,0.8766549793812379,0.6636953999135904
random_617,0.8780416271003358,0.6542636572619657
random_618,0.8756461762876488,0.6635420526955067
random_619,0.8900293952936541,0.7145168525489406
random_620,0.880068751341935,0.6796931606673454
random_621,0.8826614250962319,0.6864376564717107
random_622,0.8790149035024227,0.6635056333872186
random_623,0.8769996214913242,0.6666777759969309
random_624,0.8764840971018631,0.6635089504477897
random_625,0.8801321681463921,0.6692152279083392
random_626,0.8809900104698598,0.681262755362446
random_627,0.8790727865543093,0.6668693435018743
random_628,0.8810276399873388,0.6728179988033105
random_629,0.8818300341100509,0.6677218444108498
random_630,0.881343285233956,0.6758237500150125
random_631,0.881907285295934,0.6817230177234936
random_632,0.8828619682893842,0.6817049530369579
random_633,0.8831223866853486,0.6894006961048947
random_634,0.8839526709210156,0.695104935798552
random_635,0.8800414146042371,0.6840102253715654
random_636,0.8827056951167954,0.6852523395330609
random_637,0.8830822116416873,0.6867687023307507
random_638,0.880643044183694,0.6636834834803127
random_639,0.8784832205554559,0.6714562412581797
random_640,0.8825372476885516,0.6836048699545537
random_641,0.8794769718420534,0.6623029888028983
random_642,0.8833437367881657,0.6855964855269049
random_643,0.8813826855522574,0.6810289287665803
random_644,0.8914291026688181,0.7049252689972998
random_645,0.8833445115135256,0.6791420826935654
random_646,0.8794818415443154,0.6722766269320997
random_647,0.8861144867001791,0.6927478018114409
random_648,0.8864248195443287,0.7049406561862257
random_649,0.8820141973955947,0.6819688452715683
random_650,0.8797846484849692,0.675457637777195
random_651,0.882699607988968,0.6823924050689792
random_652,0.8810929382676699,0.6667336739235172
random_653,0.8825770907070586,0.6817166820244541
random_654,0.879658368251312,0.667967818860567
random_655,0.8791632080713101,0.6690727955034247
random_656,0.8805746470019236,0.6789342819589902
random_657,0.8798643345219834,0.6789485073734937
random_658,0.8759540742806675,0.6669240158075136
random_659,0.8825247414077424,0.6955117530308882
random_660,0.8922551812525317,0.7094488147233493
random_661,0.8739143330832078,0.6512292079015288
random_662,0.881665903008812,0.6785547918018897
random_663,0.8846062070995832,0.7054066252351259
random_664,0.8794869325966802,0.680253398509459
random_665,0.8768429056185296,0.6742181433362714
random_666,0.8824699572572952,0.6856700862106202
random_667,0.8810950410936466,0.677936915429669
random_668,0.8788801012898071,0.6762100233959706
random_669,0.8758769337698358,0.6583970849094445
random_670,0.8783623633993178,0.6695083369850352
random_671,0.882114247642068,0.6910456134849848
random_672,0.8846480422690156,0.6914186171765365
random_673,0.8792618195421151,0.6782862473585892
random_674,0.8871287128712871,0.6991054886608995
random_675,0.8807490708829434,0.6847246637047892
random_676,0.8854098186478607,0.6859817667733368
random_677,0.8846491490195297,0.6958807992521803
random_678,0.8794711060643288,0.6817666835448499
random_679,0.882291659749476,0.6782148736687303
random_680,0.8792846186027053,0.6605431395538642
random_681,0.8777001945667404,0.6607458570191749
random_682,0.8797338486363727,0.675930623145755
random_683,0.8803932505926649,0.682054801160465
random_684,0.8769261332571889,0.6597281500542327
random_685,0.8825123458019847,0.6869055295826796
random_686,0.8820212805988848,0.6882922627479244
random_687,0.8844301230927922,0.6946733883376109
random_688,0.8835059864135307,0.6883102601534027
random_689,0.8805307090065143,0.6774526556889788
random_690,0.8878643699379999,0.7129226159255027
random_691,0.8757131346937511,0.6571863400777802
random_692,0.8794238478173773,0.6722805682400267
random_693,0.8881627498765973,0.7046277615538941
random_694,0.8819631761968953,0.6772851443022507
random_695,0.889492731969374,0.7142832899767633
random_696,0.883293158289672,0.6857748927759603
random_697,0.8882070198971608,0.7001407924686264
random_698,0.8745565804065316,0.6587802949456795
random_699,0.878931011813455,0.6772272860929403
random_700,0.8854764450288087,0.6928338409471189
random_701,0.8818666675520671,0.6892674618919274
random_702,0.8805712160753298,0.6771389600642754
random_703,0.8849212989709434,0.6900055036761624
random_704,0.8824374187921811,0.6920009156525345
random_705,0.8842255955977891,0.6866287447027913
random_706,0.8859241256117564,0.6902894237158962
random_707,0.8873965464956959,0.7003753692962633
random_708,0.8859523477498655,0.6942350650874709
random_709,0.8784423814614862,0.6681788658999714
random_710,0.87946413353609,0.67871362012507
random_711,0.8811229312066016,0.6751902919481364
random_712,0.8789019042749345,0.6752897028026232
random_713,0.8857948571517111,0.6949421611223278
random_714,0.8814089155394412,0.6741589432462612
random_715,0.8835456080819349,0.7029679884781775
random_716,0.8827095687435946,0.6888097367891071
random_717,0.8757175616958074,0.6585862763007373
random_718,0.8792608234666525,0.6716385991422646
random_719,0.8795854333924338,0.672819659221618
random_720,0.8800493832079385,0.676535585568095
random_721,0.8902179855812543,0.7127705523408278
random_722,0.8859101805552788,0.6864345326603457
random_723,0.8797876367113573,0.6738420202498983
random_724,0.8895332390381895,0.7096607259976768
random_725,0.8786223390950765,0.667593080085717
random_726,0.8818710945541234,0.6829914579958772
random_727,0.8770673546227862,0.6599528734004766
random_728,0.8792721123218962,0.6709282912702602
random_729,0.8865347198703774,0.6934692272254883
random_730,0.8868127355995157,0.6919290224758449
random_731,0.8801773235673668,0.6801319470628268
random_732,0.8814676839917392,0.6860298316852657
random_733,0.8835801386979745,0.6899981847616318
random_734,0.8816611439816013,0.6757180018068111
random_735,0.8784950627859567,0.6610261738566949
random_736,0.8886402020483739,0.6969750090918568
random_737,0.8814257381472553,0.6907579354025473
random_738,0.8859682849572683,0.6843531608109358
random_739,0.8857116295130519,0.6952815311395054
random_740,0.883804034326974,0.6966726846807628
random_741,0.8854509897669848,0.6888954759249935
random_742,0.8757294039263082,0.6513714930266772
random_743,0.8834678035207947,0.6719333180278774
random_744,0.8865087112332963,0.7007079505401573
random_745,0.87793903132768,0.6667642754596308
random_746,0.8755775577557756,0.6449363931407911
random_747,0.8805932404105602,0.6800876434002346
random_748,0.8784812284045306,0.659301197207774
random_749,0.884557399401912,0.6934070181588918
random_750,0.8869621469189173,0.6888867414310046
random_751,0.8857130682887202,0.6983339269728566
random_752,0.8801068235596196,0.6794102626623978
random_753,0.8768008490989944,0.6645080018690184
random_754,0.8829602477350351,0.6830740628437673
random_755,0.8910400798631171,0.7125397839773299
random_756,0.8842362204027244,0.6978463751993605
random_757,0.8791031115183953,0.6554571730712355
random_758,0.8800269161725026,0.6743248386951749
random_759,0.8850603068355125,0.6999958811074016
random_760,0.8777307408809292,0.6641171773325241
random_761,0.884324428418697,0.7072668780911816
random_762,0.886392391754266,0.7082147625826082
random_763,0.8834319448041383,0.6905556731217692
random_764,0.8858055926316978,0.6964002693610822
random_765,0.8809441909985767,0.6798053872512937
random_766,0.8869190943239194,0.7051723764877351
random_767,0.8882820575820157,0.709927235442606
random_768,0.8805778565784144,0.6851242210553711
random_769,0.8756935452096517,0.6643654409654637
random_770,0.8801740033158245,0.6678710395553494
random_771,0.8792173281714489,0.6715886602176554
random_772,0.888070557558774,0.7027118412087191
random_773,0.8796157583565197,0.6751838708530602
random_774,0.8789663171548543,0.6794463874392189
random_775,0.8834992352353948,0.6888711272512585
random_776,0.8827789620008278,0.6888900988354878
random_777,0.8885969281032731,0.7151454056370133
random_778,0.8894363983682071,0.7132415459375803
random_779,0.8815485874543189,0.683300637319222
random_780,0.8841578624663271,0.7040569524024984
random_781,0.8840999794144404,0.6847433304756007
random_782,0.8835484856332716,0.6931957037425351
random_783,0.8846618766504417,0.6984704231555684
random_784,0.8856882770772047,0.6998949719696743
random_785,0.8828570985871222,0.6951467001103524
random_786,0.8811285756342234,0.6855724191963182
random_787,0.8832765570319607,0.6890255608398568
random_788,0.8812141274489622,0.6665583780939354
random_789,0.8884654461421997,0.7119791439196108
random_790,0.8740334194385233,0.6574059065737744
random_791,0.88638564057613,0.7005755086981433
random_792,0.8770373616838545,0.6580141623367559
random_793,0.8780984034017084,0.6647633791645319
random_794,0.877790284058587,0.6646867323290595
random_795,0.886121791253572,0.6904737328489756
random_796,0.878936988266231,0.6687835344244561
random_797,0.8784709356247496,0.665658877975071
random_798,0.8813873339044166,0.6779869831643347
random_799,0.8814536282602103,0.6711193185326922
random_800,0.881590090598597,0.6800576498357956
random_801,0.8841938318580349,0.6871311205700854
random_802,0.882341242172507,0.682312624658995
random_803,0.883285300361022,0.6956549664139593
random_804,0.8859530118001739,0.6922004806263793
random_805,0.8848496922126821,0.6765923643632534
random_806,0.8812600575952968,0.6727113019458552
random_807,0.8865692504864169,0.7082606842832208
random_808,0.8826654093980827,0.6784993362271347
random_809,0.8791369780841263,0.667464151243505
random_810,0.876901784745879,0.6649461296363908
random_811,0.882879786972661,0.6929621219512584
random_812,0.8801405794502991,0.6663800019472987
random_813,0.8792915911309441,0.6748872878447425
random_814,0.8794419985258083,0.6809147405866658
random_815,0.8868349812848488,0.6937876737307338
random_816,0.8835490390085287,0.6768687227953506
random_817,0.8802411830720296,0.6784717735889141
random_818,0.8902701135304677,0.7038051334512821
random_819,0.8805475316143284,0.6782458480827617
random_820,0.8767016842529324,0.6644266615697004
random_821,0.8842157455182138,0.6849015154603301
random_822,0.8843091552616026,0.6876860344253471
random_823,0.8783998822417453,0.6687253798789419
random_824,0.8849484143585384,0.6966108259398683
random_825,0.8820414234582412,0.6808935486280173
random_826,0.8812334955829587,0.6782072173819631
random_827,0.8842303546249998,0.6981131211239184
random_828,0.8778398664816179,0.6770288419078268
random_829,0.8867173337052016,0.6998230304829969
random_830,0.8879885473456802,0.7141221196494804
random_831,0.8813699579213454,0.6794928338377484
random_832,0.8774334676928457,0.6720311341946668
random_833,0.8779112518897765,0.672100991454064
random_834,0.8784020957427735,0.6706714487641708
random_835,0.887101597483692,0.7050372705011433
random_836,0.8868795833305665,0.6994628334766639
random_837,0.8855079874184602,0.7106294949201364
random_838,0.883753677178583,0.6874881170192685
random_839,0.8746870662921423,0.6599021775745375
random_840,0.8801365951484484,0.6723536784228779
random_841,0.8789342213899458,0.6664075545340433
random_842,0.8845095877797036,0.6894285117270857
random_843,0.8735651532960137,0.6434029343724421
random_844,0.880646585785339,0.6681538325516875
random_845,0.8834610523426588,0.6819823014862358
random_846,0.8841112682696841,0.6875628695569245
random_847,0.8836900390240231,0.6829569080467873
random_848,0.885066947338597,0.6964992838135042
random_849,0.8826871017081588,0.6934857071664745
random_850,0.8850968296024774,0.7010033372774348
random_851,0.8821133622416567,0.6819585117372811
random_852,0.876325057052989,0.6598569143779156
random_853,0.8831913372423762,0.6934946304933002
random_854,0.8853110965020043,0.6901447764820855
random_855,0.8840629032722186,0.691542581041288
random_856,0.8806610842170736,0.6814095785807833
random_857,0.8787545957815097,0.6727634207444816
random_858,0.8780723947646274,0.6664248865641926
random_859,0.8827328105043905,0.6864402606634924
random_860,0.8883311973048411,0.7071293996854495
random_861,0.8816863778933225,0.6823349645072525
random_862,0.872460837633059,0.6510077492265698
random_863,0.8868203721780629,0.6894279853293822
random_864,0.8849800674232413,0.69570503957262
random_865,0.8845213193351529,0.6970576446983615
random_866,0.8806926266067251,0.670767470619527
random_867,0.8809762867634852,0.6806076553641857
random_868,0.8821633873648934,0.690806003046991
random_869,0.8874108235773276,0.705430562346383
random_870,0.8809739625874056,0.6780528076520087
random_871,0.8756822563544081,0.6519661461309518
random_872,0.8869071414183672,0.6965848960232428
random_873,0.8897207225752757,0.7088949676320365
random_874,0.8871545001582654,0.6984274529695922
random_875,0.8828170342185124,0.6814663969784982
random_876,0.885618441119766,0.6963948074524673
random_877,0.8773528962554203,0.6651232621634037
random_878,0.8838797360621374,0.6921393832788925
random_879,0.8835089746399187,0.6943056430829796
random_880,0.8828760240209131,0.6893995117307002
random_881,0.8848804598769736,0.6923489435535808
random_882,0.8780895493975956,0.6822027109409632
random_883,0.881859584348777,0.6765045900134397
random_884,0.8784238987279009,0.667608249198824
random_885,0.8834119126198334,0.6816347884398748
random_886,0.875383433715605,0.6597674492581941
random_887,0.8828491299834209,0.6959739030492709
random_888,0.8812668087734327,0.6745829727489355
random_889,0.8808474610036456,0.6746323915815002
random_890,0.8829425397268097,0.6904169922075839
random_891,0.8821607311636597,0.6917558659613162
random_892,0.8815961777264245,0.6854858146535614
random_893,0.8887009626515971,0.7026730054838584
random_894,0.886295440409232,0.6953514871028689
random_895,0.8854806506807622,0.6951849050884646
random_896,0.8782442731194648,0.6684057065783862
random_897,0.8850784575439435,0.6880343549094201
random_898,0.8854782158296313,0.6956486928227942
random_899,0.8841329605797602,0.6876677865914688
random_900,0.8795960581973691,0.6691482450095018
random_901,0.8840760736033362,0.7029894771677279
random_902,0.8766319589705449,0.652323882477449
random_903,0.8767684213089317,0.6679168040507147
random_904,0.8811847985603389,0.6795887726871261
random_905,0.8846181600051353,0.6908987661217388
random_906,0.8820449650598863,0.6837052314461644
random_907,0.8818948896901763,0.6842014413921914
random_908,0.8841411505335645,0.7013831397401222
random_909,0.8806849900281779,0.6757307350816726
random_910,0.8837008851790612,0.6955363901276838
random_911,0.8824592217773085,0.6712084032774649
random_912,0.8782956263433185,0.6725184425237133
random_913,0.887134910674166,0.6996635594921554
random_914,0.8824305569389937,0.6910103347952267
random_915,0.8830736896627288,0.685452509490012
random_916,0.8792169961462947,0.6793290303754246
random_917,0.8812050520947466,0.679098604555376
random_918,0.8773210218406147,0.6583619546207504
random_919,0.8865595110818929,0.7040553226215277
random_920,0.8828274376733448,0.687270008704771
random_921,0.8860187527807106,0.6879159578202195
random_922,0.8834330515546525,0.6816049714838313
random_923,0.8754115451786627,0.65467096654804
random_924,0.8721657779460038,0.6450673891941541
random_925,0.880821009666359,0.6817027541301176
random_926,0.8855484944872757,0.6991220470346667
random_927,0.8814109076903667,0.6793479289654375
random_928,0.8759042705075336,0.6538253379873634
random_929,0.8821325090255504,0.6866194247900372
random_930,0.8812730065763116,0.6828299159477487
random_931,0.8826931888359862,0.683139332276169
random_932,0.8829600263849322,0.6917435313384912
random_933,0.8786057378373652,0.6701836883776032
random_934,0.8796054655767388,0.6756575317435963
random_935,0.8816623614071669,0.6826788740774121
random_936,0.8818611337994966,0.7000609249296079
random_937,0.8791202661513636,0.6707375576400573
random_938,0.8799170158464539,0.6688345911352012
random_939,0.8823679148598964,0.6903409773405687
random_940,0.8844426293736013,0.6951284961629721
random_941,0.8777504410400798,0.668681676334285
random_942,0.883491709331899,0.6986256633686481
random_943,0.8805024868684052,0.6751988850586137
random_944,0.8834177783975581,0.6795242019730319
random_945,0.879619631983319,0.6777512958443288
random_946,0.8811472797179114,0.6756081435801916
random_947,0.8770804142788524,0.6691037744845503
random_948,0.8789162920316177,0.6766570760310064
random_949,0.8835350939520511,0.6914859615840219
random_950,0.8863941625550885,0.7018838336250994
random_951,0.8847816270560658,0.6915922012309349
random_952,0.876387367106932,0.649984695491777
random_953,0.8821377107529667,0.6937279730046256
random_954,0.8843566348586569,0.6866391092726636
random_955,0.8856028359375173,0.6957784773666674
random_956,0.8862213987998397,0.6836981461859925
random_957,0.8828086229146054,0.682135895388262
random_958,0.882617819125977,0.6824645820759607
random_959,0.8821667076164357,0.6822126076454292
random_960,0.8831309086643071,0.6926922217012804
random_961,0.8820491707118397,0.6921731663617128
random_962,0.8777672636478939,0.6604810959833639
random_963,0.8799174585466595,0.6699333015267801
random_964,0.8787880196470351,0.6623807903469832
random_965,0.8825503073446178,0.6870844589060904
random_966,0.8737308338479723,0.6583784551169198
random_967,0.8830733576375747,0.6851127573401371
random_968,0.88373143149325,0.6931210684420605
random_969,0.8822191675908033,0.6905670029833338
random_970,0.8834726732230567,0.6942511177329372
random_971,0.8781988963483873,0.6594417568673506
random_972,0.8913476458309815,0.7129380778657286
random_973,0.8890392962837531,0.713301922894827
random_974,0.8913892596503111,0.7099857089183214
random_975,0.8807393314784194,0.6753014041126015
random_976,0.883033625294119,0.6742656742677225
random_977,0.877703072118077,0.6634775665141738
random_978,0.8863450228322631,0.7039021525471981
random_979,0.8823380325960162,0.6868880330039625
random_980,0.8766705845634866,0.660179778087674
random_981,0.8815755921668625,0.6865455088932972
random_982,0.8876202207745926,0.7026492211058344
random_983,0.8837484754511669,0.6996761755849775
random_984,0.8765324620993287,0.6793921923409167
random_985,0.8847434441633298,0.6934323140393635
random_986,0.8838185327587085,0.6876892377339394
random_987,0.8815675128881097,0.6732113732638405
random_988,0.8895985373185206,0.7072967095930234
random_989,0.8829257171189956,0.6953422636334528
random_990,0.8857792519694625,0.6962707390996148
random_991,0.8812640418971475,0.6758732128698083
random_992,0.8804923047636756,0.672664098944645
random_993,0.8753338512925739,0.6552998142404927
random_994,0.8820908952062209,0.6874016905468601
random_995,0.8854856310580757,0.6982621255775694
random_996,0.8790912692878946,0.6659069732979439
random_997,0.8836167721399907,0.7009004706189689
random_998,0.8800997403563294,0.6861052900305957
random_999,0.8845901592171289,0.6967832726250182
